{"timestamp":"2026-06-28T12:24:39.567899Z","level":"INFO","fields":{"message":"python/3.12.4; huggingface_hub/1.17.0; hf_xet/1.5.0; , xet-core revision 6ed5a00-modified"},"filename":"D:\\a\\xet-core\\xet-core\\xet_runtime\\src\\logging\\init.rs","line_number":65}
{"timestamp":"2026-06-28T12:24:39.590116Z","level":"INFO","fields":{"message":"hf_xet logging configured."},"filename":"src\\logging.rs","line_number":36}
{"timestamp":"2026-06-28T12:24:39.599960Z","level":"INFO","fields":{"message":"starting log cleanup in \"D:\\\\Data Sciences\\\\Gen Ai\\\\xet\\\\logs\" (min_age=86400s, max_retention=1209600s, max_size=250MB bytes)"},"filename":"D:\\a\\xet-core\\xet-core\\xet_runtime\\src\\logging\\init.rs","line_number":241}
{"timestamp":"2026-06-28T12:24:39.912196Z","level":"INFO","fields":{"message":"Log Directory Cleanup: found 33.323kB of logs in 2 log files, with 0B in 0 files eligible for deletion."},"filename":"D:\\a\\xet-core\\xet-core\\xet_runtime\\src\\logging\\init.rs","line_number":319}
{"timestamp":"2026-06-28T12:24:39.913241Z","level":"INFO","fields":{"message":"Log Directory Cleanup: deleted 0B in 0 files"},"filename":"D:\\a\\xet-core\\xet-core\\xet_runtime\\src\\logging\\init.rs","line_number":383}
{"timestamp":"2026-06-28T12:24:39.956502Z","level":"INFO","fields":{"message":"Config: min_spacing_between_global_dedup_queries = 256 (default)"},"filename":"D:\\a\\xet-core\\xet-core\\xet_runtime\\src\\utils\\configuration_utils.rs","line_number":53}
{"timestamp":"2026-06-28T12:24:39.956531Z","level":"INFO","fields":{"message":"Config: local_cas_scheme = \"local://\" (default)"},"filename":"D:\\a\\xet-core\\xet-core\\xet_runtime\\src\\utils\\configuration_utils.rs","line_number":53}
{"timestamp":"2026-06-28T12:24:39.956540Z","level":"INFO","fields":{"message":"Config: max_concurrent_file_ingestion = 8 (default)"},"filename":"D:\\a\\xet-core\\xet-core\\xet_runtime\\src\\utils\\configuration_utils.rs","line_number":53}
{"timestamp":"2026-06-28T12:24:39.956545Z","level":"INFO","fields":{"message":"Config: max_concurrent_file_downloads = 8 (default)"},"filename":"D:\\a\\xet-core\\xet-core\\xet_runtime\\src\\utils\\configuration_utils.rs","line_number":53}
{"timestamp":"2026-06-28T12:24:39.956551Z","level":"INFO","fields":{"message":"Config: ingestion_block_size = 8MB (default)"},"filename":"D:\\a\\xet-core\\xet-core\\xet_runtime\\src\\utils\\configuration_utils.rs","line_number":53}
{"timestamp":"2026-06-28T12:24:39.956559Z","level":"INFO","fields":{"message":"Config: progress_update_interval = 200ms (default)"},"filename":"D:\\a\\xet-core\\xet-core\\xet_runtime\\src\\utils\\configuration_utils.rs","line_number":53}
{"timestamp":"2026-06-28T12:24:39.956566Z","level":"INFO","fields":{"message":"Config: progress_update_speed_sampling_window = 10s (default)"},"filename":"D:\\a\\xet-core\\xet-core\\xet_runtime\\src\\utils\\configuration_utils.rs","line_number":53}
{"timestamp":"2026-06-28T12:24:39.956571Z","level":"INFO","fields":{"message":"Config: progress_update_speed_min_observations = 4 (default)"},"filename":"D:\\a\\xet-core\\xet-core\\xet_runtime\\src\\utils\\configuration_utils.rs","line_number":53}
{"timestamp":"2026-06-28T12:24:39.956577Z","level":"INFO","fields":{"message":"Config: session_xorb_metadata_flush_interval = 20s (default)"},"filename":"D:\\a\\xet-core\\xet-core\\xet_runtime\\src\\utils\\configuration_utils.rs","line_number":53}
{"timestamp":"2026-06-28T12:24:39.956583Z","level":"INFO","fields":{"message":"Config: session_xorb_metadata_flush_max_count = 64 (default)"},"filename":"D:\\a\\xet-core\\xet-core\\xet_runtime\\src\\utils\\configuration_utils.rs","line_number":53}
{"timestamp":"2026-06-28T12:24:39.956588Z","level":"INFO","fields":{"message":"Config: default_cas_endpoint = \"http://localhost:8080\" (default)"},"filename":"D:\\a\\xet-core\\xet-core\\xet_runtime\\src\\utils\\configuration_utils.rs","line_number":53}
{"timestamp":"2026-06-28T12:24:39.956593Z","level":"INFO","fields":{"message":"Config: aggregate_progress = true (default)"},"filename":"D:\\a\\xet-core\\xet-core\\xet_runtime\\src\\utils\\configuration_utils.rs","line_number":53}
{"timestamp":"2026-06-28T12:24:39.956599Z","level":"INFO","fields":{"message":"Config: default_prefix = \"default\" (default)"},"filename":"D:\\a\\xet-core\\xet-core\\xet_runtime\\src\\utils\\configuration_utils.rs","line_number":53}
{"timestamp":"2026-06-28T12:24:39.956605Z","level":"INFO","fields":{"message":"Config: staging_subdir = \"staging\" (default)"},"filename":"D:\\a\\xet-core\\xet-core\\xet_runtime\\src\\utils\\configuration_utils.rs","line_number":53}
{"timestamp":"2026-06-28T12:24:39.956612Z","level":"INFO","fields":{"message":"Config: target_size = 67108864 (default)"},"filename":"D:\\a\\xet-core\\xet-core\\xet_runtime\\src\\utils\\configuration_utils.rs","line_number":53}
{"timestamp":"2026-06-28T12:24:39.956619Z","level":"INFO","fields":{"message":"Config: max_target_size = 67108864 (default)"},"filename":"D:\\a\\xet-core\\xet-core\\xet_runtime\\src\\utils\\configuration_utils.rs","line_number":53}
{"timestamp":"2026-06-28T12:24:39.956628Z","level":"INFO","fields":{"message":"Config: cache_size_limit = 16GB (default)"},"filename":"D:\\a\\xet-core\\xet-core\\xet_runtime\\src\\utils\\configuration_utils.rs","line_number":53}
{"timestamp":"2026-06-28T12:24:39.956636Z","level":"INFO","fields":{"message":"Config: chunk_index_table_max_size = 67108864 (default)"},"filename":"D:\\a\\xet-core\\xet-core\\xet_runtime\\src\\utils\\configuration_utils.rs","line_number":53}
{"timestamp":"2026-06-28T12:24:39.956642Z","level":"INFO","fields":{"message":"Config: cache_subdir = \"shard-cache\" (default)"},"filename":"D:\\a\\xet-core\\xet-core\\xet_runtime\\src\\utils\\configuration_utils.rs","line_number":53}
{"timestamp":"2026-06-28T12:24:39.956649Z","level":"INFO","fields":{"message":"Config: nranges_in_streaming_fragmentation_estimator = 128 (default)"},"filename":"D:\\a\\xet-core\\xet-core\\xet_runtime\\src\\utils\\configuration_utils.rs","line_number":53}
{"timestamp":"2026-06-28T12:24:39.956654Z","level":"INFO","fields":{"message":"Config: min_n_chunks_per_range_hysteresis_factor = 0.5 (default)"},"filename":"D:\\a\\xet-core\\xet-core\\xet_runtime\\src\\utils\\configuration_utils.rs","line_number":53}
{"timestamp":"2026-06-28T12:24:39.957237Z","level":"INFO","fields":{"message":"Config: min_n_chunks_per_range = 8.0 (default)"},"filename":"D:\\a\\xet-core\\xet-core\\xet_runtime\\src\\utils\\configuration_utils.rs","line_number":53}
{"timestamp":"2026-06-28T12:24:39.957249Z","level":"INFO","fields":{"message":"Config: global_dedup_query_enabled = true (default)"},"filename":"D:\\a\\xet-core\\xet-core\\xet_runtime\\src\\utils\\configuration_utils.rs","line_number":53}
{"timestamp":"2026-06-28T12:24:39.957255Z","level":"INFO","fields":{"message":"Config: size_bytes = 0 (default)"},"filename":"D:\\a\\xet-core\\xet-core\\xet_runtime\\src\\utils\\configuration_utils.rs","line_number":53}
{"timestamp":"2026-06-28T12:24:39.957260Z","level":"INFO","fields":{"message":"Config: retry_max_attempts = 5 (default)"},"filename":"D:\\a\\xet-core\\xet-core\\xet_runtime\\src\\utils\\configuration_utils.rs","line_number":53}
{"timestamp":"2026-06-28T12:24:39.957266Z","level":"INFO","fields":{"message":"Config: retry_base_delay = 3s (default)"},"filename":"D:\\a\\xet-core\\xet-core\\xet_runtime\\src\\utils\\configuration_utils.rs","line_number":53}
{"timestamp":"2026-06-28T12:24:39.957272Z","level":"INFO","fields":{"message":"Config: retry_max_duration = 360s (default)"},"filename":"D:\\a\\xet-core\\xet-core\\xet_runtime\\src\\utils\\configuration_utils.rs","line_number":53}
{"timestamp":"2026-06-28T12:24:39.957278Z","level":"INFO","fields":{"message":"Config: idle_connection_timeout = 60s (default)"},"filename":"D:\\a\\xet-core\\xet-core\\xet_runtime\\src\\utils\\configuration_utils.rs","line_number":53}
{"timestamp":"2026-06-28T12:24:39.957284Z","level":"INFO","fields":{"message":"Config: max_idle_connections = 16 (default)"},"filename":"D:\\a\\xet-core\\xet-core\\xet_runtime\\src\\utils\\configuration_utils.rs","line_number":53}
{"timestamp":"2026-06-28T12:24:39.957289Z","level":"INFO","fields":{"message":"Config: connect_timeout = 60s (default)"},"filename":"D:\\a\\xet-core\\xet-core\\xet_runtime\\src\\utils\\configuration_utils.rs","line_number":53}
{"timestamp":"2026-06-28T12:24:39.957295Z","level":"INFO","fields":{"message":"Config: read_timeout = 120s (default)"},"filename":"D:\\a\\xet-core\\xet-core\\xet_runtime\\src\\utils\\configuration_utils.rs","line_number":53}
{"timestamp":"2026-06-28T12:24:39.957302Z","level":"INFO","fields":{"message":"Config: upload_reporting_block_size = 524288 (default)"},"filename":"D:\\a\\xet-core\\xet-core\\xet_runtime\\src\\utils\\configuration_utils.rs","line_number":53}
{"timestamp":"2026-06-28T12:24:39.957308Z","level":"INFO","fields":{"message":"Config: enable_adaptive_concurrency = true (default)"},"filename":"D:\\a\\xet-core\\xet-core\\xet_runtime\\src\\utils\\configuration_utils.rs","line_number":53}
{"timestamp":"2026-06-28T12:24:39.957313Z","level":"INFO","fields":{"message":"Config: ac_min_adjustment_window_ms = 500 (default)"},"filename":"D:\\a\\xet-core\\xet-core\\xet_runtime\\src\\utils\\configuration_utils.rs","line_number":53}
{"timestamp":"2026-06-28T12:24:39.957319Z","level":"INFO","fields":{"message":"Config: ac_min_bytes_required_for_adjustment = 20MB (default)"},"filename":"D:\\a\\xet-core\\xet-core\\xet_runtime\\src\\utils\\configuration_utils.rs","line_number":53}
{"timestamp":"2026-06-28T12:24:39.957325Z","level":"INFO","fields":{"message":"Config: ac_num_transmissions_required_for_adjustment = 1 (default)"},"filename":"D:\\a\\xet-core\\xet-core\\xet_runtime\\src\\utils\\configuration_utils.rs","line_number":53}
{"timestamp":"2026-06-28T12:24:39.957329Z","level":"INFO","fields":{"message":"Config: ac_latency_rtt_half_life = 64.0 (default)"},"filename":"D:\\a\\xet-core\\xet-core\\xet_runtime\\src\\utils\\configuration_utils.rs","line_number":53}
{"timestamp":"2026-06-28T12:24:39.957336Z","level":"INFO","fields":{"message":"Config: ac_success_tracking_half_life = 8.0 (default)"},"filename":"D:\\a\\xet-core\\xet-core\\xet_runtime\\src\\utils\\configuration_utils.rs","line_number":53}
{"timestamp":"2026-06-28T12:24:39.957341Z","level":"INFO","fields":{"message":"Config: ac_target_rtt = 60s (default)"},"filename":"D:\\a\\xet-core\\xet-core\\xet_runtime\\src\\utils\\configuration_utils.rs","line_number":53}
{"timestamp":"2026-06-28T12:24:39.957346Z","level":"INFO","fields":{"message":"Config: ac_max_healthy_rtt = 90s (default)"},"filename":"D:\\a\\xet-core\\xet-core\\xet_runtime\\src\\utils\\configuration_utils.rs","line_number":53}
{"timestamp":"2026-06-28T12:24:39.957351Z","level":"INFO","fields":{"message":"Config: ac_rtt_success_max_quantile = 0.95 (default)"},"filename":"D:\\a\\xet-core\\xet-core\\xet_runtime\\src\\utils\\configuration_utils.rs","line_number":53}
{"timestamp":"2026-06-28T12:24:39.957357Z","level":"INFO","fields":{"message":"Config: ac_healthy_success_ratio_threshold = 0.8 (default)"},"filename":"D:\\a\\xet-core\\xet-core\\xet_runtime\\src\\utils\\configuration_utils.rs","line_number":53}
{"timestamp":"2026-06-28T12:24:39.957362Z","level":"INFO","fields":{"message":"Config: ac_unhealthy_success_ratio_threshold = 0.5 (default)"},"filename":"D:\\a\\xet-core\\xet-core\\xet_runtime\\src\\utils\\configuration_utils.rs","line_number":53}
{"timestamp":"2026-06-28T12:24:39.957369Z","level":"INFO","fields":{"message":"Config: ac_max_reference_transmission_size = 64MB (default)"},"filename":"D:\\a\\xet-core\\xet-core\\xet_runtime\\src\\utils\\configuration_utils.rs","line_number":53}
{"timestamp":"2026-06-28T12:24:39.957375Z","level":"INFO","fields":{"message":"Config: ac_min_reference_transmission_size = 1MB (default)"},"filename":"D:\\a\\xet-core\\xet-core\\xet_runtime\\src\\utils\\configuration_utils.rs","line_number":53}
{"timestamp":"2026-06-28T12:24:39.957380Z","level":"INFO","fields":{"message":"Config: ac_logging_interval_ms = 10000 (default)"},"filename":"D:\\a\\xet-core\\xet-core\\xet_runtime\\src\\utils\\configuration_utils.rs","line_number":53}
{"timestamp":"2026-06-28T12:24:39.957389Z","level":"INFO","fields":{"message":"Config: ac_max_upload_concurrency = 64 (default)"},"filename":"D:\\a\\xet-core\\xet-core\\xet_runtime\\src\\utils\\configuration_utils.rs","line_number":53}
{"timestamp":"2026-06-28T12:24:39.957395Z","level":"INFO","fields":{"message":"Config: ac_min_upload_concurrency = 1 (default)"},"filename":"D:\\a\\xet-core\\xet-core\\xet_runtime\\src\\utils\\configuration_utils.rs","line_number":53}
{"timestamp":"2026-06-28T12:24:39.957402Z","level":"INFO","fields":{"message":"Config: ac_initial_upload_concurrency = 2 (default)"},"filename":"D:\\a\\xet-core\\xet-core\\xet_runtime\\src\\utils\\configuration_utils.rs","line_number":53}
{"timestamp":"2026-06-28T12:24:39.957409Z","level":"INFO","fields":{"message":"Config: ac_max_download_concurrency = 64 (default)"},"filename":"D:\\a\\xet-core\\xet-core\\xet_runtime\\src\\utils\\configuration_utils.rs","line_number":53}
{"timestamp":"2026-06-28T12:24:39.957415Z","level":"INFO","fields":{"message":"Config: ac_min_download_concurrency = 1 (default)"},"filename":"D:\\a\\xet-core\\xet-core\\xet_runtime\\src\\utils\\configuration_utils.rs","line_number":53}
{"timestamp":"2026-06-28T12:24:39.957421Z","level":"INFO","fields":{"message":"Config: ac_initial_download_concurrency = 4 (default)"},"filename":"D:\\a\\xet-core\\xet-core\\xet_runtime\\src\\utils\\configuration_utils.rs","line_number":53}
{"timestamp":"2026-06-28T12:24:39.957427Z","level":"INFO","fields":{"message":"Config: unix_socket_path = None (default)"},"filename":"D:\\a\\xet-core\\xet-core\\xet_runtime\\src\\utils\\configuration_utils.rs","line_number":53}
{"timestamp":"2026-06-28T12:24:39.957433Z","level":"INFO","fields":{"message":"Config: reconstruction_api_version = None (default)"},"filename":"D:\\a\\xet-core\\xet-core\\xet_runtime\\src\\utils\\configuration_utils.rs","line_number":53}
{"timestamp":"2026-06-28T12:24:39.958077Z","level":"INFO","fields":{"message":"Config: enable_multirange_fetching = false (default)"},"filename":"D:\\a\\xet-core\\xet-core\\xet_runtime\\src\\utils\\configuration_utils.rs","line_number":53}
{"timestamp":"2026-06-28T12:24:39.958085Z","level":"INFO","fields":{"message":"Config: dest = None (default)"},"filename":"D:\\a\\xet-core\\xet-core\\xet_runtime\\src\\utils\\configuration_utils.rs","line_number":53}
{"timestamp":"2026-06-28T12:24:39.958090Z","level":"INFO","fields":{"message":"Config: format = None (default)"},"filename":"D:\\a\\xet-core\\xet-core\\xet_runtime\\src\\utils\\configuration_utils.rs","line_number":53}
{"timestamp":"2026-06-28T12:24:39.958094Z","level":"INFO","fields":{"message":"Config: prefix = \"xet\" (default)"},"filename":"D:\\a\\xet-core\\xet-core\\xet_runtime\\src\\utils\\configuration_utils.rs","line_number":53}
{"timestamp":"2026-06-28T12:24:39.958100Z","level":"INFO","fields":{"message":"Config: dir_disable_cleanup = false (default)"},"filename":"D:\\a\\xet-core\\xet-core\\xet_runtime\\src\\utils\\configuration_utils.rs","line_number":53}
{"timestamp":"2026-06-28T12:24:39.958106Z","level":"INFO","fields":{"message":"Config: dir_max_size = 250MB (default)"},"filename":"D:\\a\\xet-core\\xet-core\\xet_runtime\\src\\utils\\configuration_utils.rs","line_number":53}
{"timestamp":"2026-06-28T12:24:39.958111Z","level":"INFO","fields":{"message":"Config: dir_min_deletion_age = 86400s (default)"},"filename":"D:\\a\\xet-core\\xet-core\\xet_runtime\\src\\utils\\configuration_utils.rs","line_number":53}
{"timestamp":"2026-06-28T12:24:39.958117Z","level":"INFO","fields":{"message":"Config: dir_max_retention_age = 1209600s (default)"},"filename":"D:\\a\\xet-core\\xet-core\\xet_runtime\\src\\utils\\configuration_utils.rs","line_number":53}
{"timestamp":"2026-06-28T12:24:39.958123Z","level":"INFO","fields":{"message":"Config: min_reconstruction_fetch_size = 256MB (default)"},"filename":"D:\\a\\xet-core\\xet-core\\xet_runtime\\src\\utils\\configuration_utils.rs","line_number":53}
{"timestamp":"2026-06-28T12:24:39.958128Z","level":"INFO","fields":{"message":"Config: max_reconstruction_fetch_size = 8GB (default)"},"filename":"D:\\a\\xet-core\\xet-core\\xet_runtime\\src\\utils\\configuration_utils.rs","line_number":53}
{"timestamp":"2026-06-28T12:24:39.958994Z","level":"INFO","fields":{"message":"Config: download_buffer_size = 2GB (default)"},"filename":"D:\\a\\xet-core\\xet-core\\xet_runtime\\src\\utils\\configuration_utils.rs","line_number":53}
{"timestamp":"2026-06-28T12:24:39.959003Z","level":"INFO","fields":{"message":"Config: download_buffer_perfile_size = 512MB (default)"},"filename":"D:\\a\\xet-core\\xet-core\\xet_runtime\\src\\utils\\configuration_utils.rs","line_number":53}
{"timestamp":"2026-06-28T12:24:39.959009Z","level":"INFO","fields":{"message":"Config: download_buffer_limit = 8GB (default)"},"filename":"D:\\a\\xet-core\\xet-core\\xet_runtime\\src\\utils\\configuration_utils.rs","line_number":53}
{"timestamp":"2026-06-28T12:24:39.959014Z","level":"INFO","fields":{"message":"Config: completion_rate_estimator_half_life = 4.0 (default)"},"filename":"D:\\a\\xet-core\\xet-core\\xet_runtime\\src\\utils\\configuration_utils.rs","line_number":53}
{"timestamp":"2026-06-28T12:24:39.959019Z","level":"INFO","fields":{"message":"Config: target_block_completion_time = 900s (default)"},"filename":"D:\\a\\xet-core\\xet-core\\xet_runtime\\src\\utils\\configuration_utils.rs","line_number":53}
{"timestamp":"2026-06-28T12:24:39.959025Z","level":"INFO","fields":{"message":"Config: min_prefetch_buffer = 1GB (default)"},"filename":"D:\\a\\xet-core\\xet-core\\xet_runtime\\src\\utils\\configuration_utils.rs","line_number":53}
{"timestamp":"2026-06-28T12:24:39.959030Z","level":"INFO","fields":{"message":"Config: use_vectored_write = true (default)"},"filename":"D:\\a\\xet-core\\xet-core\\xet_runtime\\src\\utils\\configuration_utils.rs","line_number":53}
{"timestamp":"2026-06-28T12:24:39.959037Z","level":"INFO","fields":{"message":"Config: compression_scheme_retest_interval = 32 (default)"},"filename":"D:\\a\\xet-core\\xet-core\\xet_runtime\\src\\utils\\configuration_utils.rs","line_number":53}
{"timestamp":"2026-06-28T12:24:39.959376Z","level":"INFO","fields":{"message":"Config: compression_policy = \"auto\" (default)"},"filename":"D:\\a\\xet-core\\xet-core\\xet_runtime\\src\\utils\\config_enum.rs","line_number":174}
{"timestamp":"2026-06-28T12:24:39.959391Z","level":"INFO","fields":{"message":"Config: simulation_max_bytes = None (default)"},"filename":"D:\\a\\xet-core\\xet-core\\xet_runtime\\src\\utils\\configuration_utils.rs","line_number":53}
{"timestamp":"2026-06-28T12:24:39.959397Z","level":"INFO","fields":{"message":"Config: simulation_max_chunks = None (default)"},"filename":"D:\\a\\xet-core\\xet-core\\xet_runtime\\src\\utils\\configuration_utils.rs","line_number":53}
{"timestamp":"2026-06-28T12:24:39.959402Z","level":"INFO","fields":{"message":"Config: dir_name = \"shard-session\" (default)"},"filename":"D:\\a\\xet-core\\xet-core\\xet_runtime\\src\\utils\\configuration_utils.rs","line_number":53}
{"timestamp":"2026-06-28T12:24:39.959407Z","level":"INFO","fields":{"message":"Config: enabled = false (default)"},"filename":"D:\\a\\xet-core\\xet-core\\xet_runtime\\src\\utils\\configuration_utils.rs","line_number":53}
{"timestamp":"2026-06-28T12:24:39.959412Z","level":"INFO","fields":{"message":"Config: sample_interval = 5s (default)"},"filename":"D:\\a\\xet-core\\xet-core\\xet_runtime\\src\\utils\\configuration_utils.rs","line_number":53}
{"timestamp":"2026-06-28T12:24:39.959418Z","level":"INFO","fields":{"message":"Config: log_path = None (default)"},"filename":"D:\\a\\xet-core\\xet-core\\xet_runtime\\src\\utils\\configuration_utils.rs","line_number":53}
{"timestamp":"2026-06-28T12:24:39.960350Z","level":"INFO","fields":{"message":"Using 4 async threads for tokio runtime"},"filename":"D:\\a\\xet-core\\xet-core\\xet_runtime\\src\\core\\runtime.rs","line_number":70}
{"timestamp":"2026-06-28T12:24:40.079592Z","level":"INFO","fields":{"message":"TranslatorConfig initialized","endpoint":"https://cas-server.xethub.hf.co","session_id":"Some(\"019f0e30-638c-7a30-8cf0-5ba692fcf53b\")","shard_cache":"D:\\Data Sciences\\Gen Ai\\xet\\https___cas_serv-tGqkUaZf_CBPHQ6h\\shard-cache","shard_session":"D:\\Data Sciences\\Gen Ai\\xet\\https___cas_serv-tGqkUaZf_CBPHQ6h\\staging\\shard-session"},"filename":"D:\\a\\xet-core\\xet-core\\xet_data\\src\\processing\\configurations.rs","line_number":115,"span":{"num_files":1,"name":"data_client::download"},"spans":[{"num_files":1,"name":"data_client::download"}]}
{"timestamp":"2026-06-28T12:24:40.103247Z","level":"INFO","fields":{"message":"HTTP client configured","idle_timeout":"60s","max_idle_connections":16,"custom_headers":"Some({\"user-agent\": \"unknown/None; hf_hub/1.17.0; python/3.12.4; torch/2.12.1; transformers/5.9.0; session_id/8992a72385724558a0607e218d7e76e0; file_type/model; framework/pytorch; from_auto_class/False; hf_xet/1.5.0\"})"},"filename":"D:\\a\\xet-core\\xet-core\\xet_client\\src\\common\\http_client.rs","line_number":187,"span":{"num_files":1,"session_id":"019f0e30-638c-7a30-8cf0-5ba692fcf53b","name":"data_client::download"},"spans":[{"num_files":1,"session_id":"019f0e30-638c-7a30-8cf0-5ba692fcf53b","name":"data_client::download"}]}
{"timestamp":"2026-06-28T12:24:40.104188Z","level":"INFO","fields":{"message":"CAS auth disabled","caller":"D:\\a\\xet-core\\xet-core\\xet_client\\src\\common\\http_client.rs:166"},"filename":"D:\\a\\xet-core\\xet-core\\xet_runtime\\src\\error_printer\\mod.rs","line_number":198,"span":{"num_files":1,"session_id":"019f0e30-638c-7a30-8cf0-5ba692fcf53b","name":"data_client::download"},"spans":[{"num_files":1,"session_id":"019f0e30-638c-7a30-8cf0-5ba692fcf53b","name":"data_client::download"}]}
{"timestamp":"2026-06-28T12:24:40.104301Z","level":"INFO","fields":{"message":"HTTP client configured","idle_timeout":"60s","max_idle_connections":16,"custom_headers":"Some({\"user-agent\": \"unknown/None; hf_hub/1.17.0; python/3.12.4; torch/2.12.1; transformers/5.9.0; session_id/8992a72385724558a0607e218d7e76e0; file_type/model; framework/pytorch; from_auto_class/False; hf_xet/1.5.0\"})"},"filename":"D:\\a\\xet-core\\xet-core\\xet_client\\src\\common\\http_client.rs","line_number":187,"span":{"num_files":1,"session_id":"019f0e30-638c-7a30-8cf0-5ba692fcf53b","name":"data_client::download"},"spans":[{"num_files":1,"session_id":"019f0e30-638c-7a30-8cf0-5ba692fcf53b","name":"data_client::download"}]}
{"timestamp":"2026-06-28T12:24:40.104466Z","level":"INFO","fields":{"message":"No-read-timeout HTTP client configured (for shard uploads)","connect_timeout":"60s"},"filename":"D:\\a\\xet-core\\xet-core\\xet_client\\src\\common\\http_client.rs","line_number":136,"span":{"num_files":1,"session_id":"019f0e30-638c-7a30-8cf0-5ba692fcf53b","name":"data_client::download"},"spans":[{"num_files":1,"session_id":"019f0e30-638c-7a30-8cf0-5ba692fcf53b","name":"data_client::download"}]}
{"timestamp":"2026-06-28T12:24:40.104491Z","level":"INFO","fields":{"message":"Initializing Adaptive Concurrency Controller for upload with starting concurrency = 2; min = 1, max = 64, min_bytes_for_adjustment = 20000000, min_completed_transmissions_for_adjustment = 1"},"filename":"D:\\a\\xet-core\\xet-core\\xet_client\\src\\cas_client\\adaptive_concurrency\\controller.rs","line_number":301,"span":{"num_files":1,"session_id":"019f0e30-638c-7a30-8cf0-5ba692fcf53b","name":"data_client::download"},"spans":[{"num_files":1,"session_id":"019f0e30-638c-7a30-8cf0-5ba692fcf53b","name":"data_client::download"}]}
{"timestamp":"2026-06-28T12:24:40.104520Z","level":"INFO","fields":{"message":"Initializing Adaptive Concurrency Controller for download with starting concurrency = 4; min = 1, max = 64, min_bytes_for_adjustment = 20000000, min_completed_transmissions_for_adjustment = 1"},"filename":"D:\\a\\xet-core\\xet-core\\xet_client\\src\\cas_client\\adaptive_concurrency\\controller.rs","line_number":301,"span":{"num_files":1,"session_id":"019f0e30-638c-7a30-8cf0-5ba692fcf53b","name":"data_client::download"},"spans":[{"num_files":1,"session_id":"019f0e30-638c-7a30-8cf0-5ba692fcf53b","name":"data_client::download"}]}
{"timestamp":"2026-06-28T12:24:40.106698Z","level":"INFO","fields":{"message":"Reconstructing file to disk","file_hash":"78613135f161e5f517e18a405e22facb700d9737e3936330effa276e7bfc1c2a","byte_range":"None","path":"C:\\Users\\DELL\\.cache\\huggingface\\hub\\models--TinyLlama--TinyLlama-1.1B-Chat-v1.0\\blobs\\6e6001da2106d4757498752a021df6c2bdc332c650aae4bae6b0c004dcf14933.incomplete","write_offset":"None"},"filename":"D:\\a\\xet-core\\xet-core\\xet_data\\src\\file_reconstruction\\file_reconstructor.rs","line_number":121}
{"timestamp":"2026-06-28T12:24:40.115248Z","level":"INFO","fields":{"message":"Scheduling prefetch block","file_hash":"78613135f161e5f517e18a405e22facb700d9737e3936330effa276e7bfc1c2a","prefetch_range":"(0, 256000000)","requested_block_size":256000000,"actual_block_size":256000000,"queue_depth":1},"filename":"D:\\a\\xet-core\\xet-core\\xet_data\\src\\file_reconstruction\\reconstruction_terms\\manager.rs","line_number":272}
{"timestamp":"2026-06-28T12:24:40.118191Z","level":"INFO","fields":{"message":"Scheduling prefetch block","file_hash":"78613135f161e5f517e18a405e22facb700d9737e3936330effa276e7bfc1c2a","prefetch_range":"(256000000, 768000000)","requested_block_size":512000000,"actual_block_size":512000000,"queue_depth":2},"filename":"D:\\a\\xet-core\\xet-core\\xet_data\\src\\file_reconstruction\\reconstruction_terms\\manager.rs","line_number":272}
{"timestamp":"2026-06-28T12:24:40.118251Z","level":"INFO","fields":{"message":"Scheduling prefetch block","file_hash":"78613135f161e5f517e18a405e22facb700d9737e3936330effa276e7bfc1c2a","prefetch_range":"(768000000, 1024000000)","requested_block_size":256000000,"actual_block_size":256000000,"queue_depth":3},"filename":"D:\\a\\xet-core\\xet-core\\xet_data\\src\\file_reconstruction\\reconstruction_terms\\manager.rs","line_number":272}
{"timestamp":"2026-06-28T12:24:40.122620Z","level":"INFO","fields":{"message":"Starting get_reconstruction API call","call_id":1,"file_id":"78613135f161e5f517e18a405e22facb700d9737e3936330effa276e7bfc1c2a","bytes_range":"Some(Range { start: 256000000, end: 768000000 })","api_version":"v2"},"filename":"D:\\a\\xet-core\\xet-core\\xet_client\\src\\cas_client\\remote_client.rs","line_number":208}
{"timestamp":"2026-06-28T12:24:40.122686Z","level":"INFO","fields":{"message":"Retry strategy","max_attempts":5,"base_delay":"3s","no_retry_on_429":false},"filename":"D:\\a\\xet-core\\xet-core\\xet_client\\src\\cas_client\\retry_wrapper.rs","line_number":235}
{"timestamp":"2026-06-28T12:24:40.123654Z","level":"INFO","fields":{"message":"Starting get_reconstruction API call","call_id":2,"file_id":"78613135f161e5f517e18a405e22facb700d9737e3936330effa276e7bfc1c2a","bytes_range":"Some(Range { start: 768000000, end: 1024000000 })","api_version":"v2"},"filename":"D:\\a\\xet-core\\xet-core\\xet_client\\src\\cas_client\\remote_client.rs","line_number":208}
{"timestamp":"2026-06-28T12:24:40.123691Z","level":"INFO","fields":{"message":"Retry strategy","max_attempts":5,"base_delay":"3s","no_retry_on_429":false},"filename":"D:\\a\\xet-core\\xet-core\\xet_client\\src\\cas_client\\retry_wrapper.rs","line_number":235}
{"timestamp":"2026-06-28T12:24:40.123727Z","level":"INFO","fields":{"message":"Starting get_reconstruction API call","call_id":3,"file_id":"78613135f161e5f517e18a405e22facb700d9737e3936330effa276e7bfc1c2a","bytes_range":"Some(Range { start: 0, end: 256000000 })","api_version":"v2"},"filename":"D:\\a\\xet-core\\xet-core\\xet_client\\src\\cas_client\\remote_client.rs","line_number":208}
{"timestamp":"2026-06-28T12:24:40.123746Z","level":"INFO","fields":{"message":"Retry strategy","max_attempts":5,"base_delay":"3s","no_retry_on_429":false},"filename":"D:\\a\\xet-core\\xet-core\\xet_client\\src\\cas_client\\retry_wrapper.rs","line_number":235}
{"timestamp":"2026-06-28T12:24:41.782034Z","level":"INFO","fields":{"message":"Received CAS response","request_id":"01KW730T6CETBWTYSS2Q8PK3TT","status_code":200},"filename":"D:\\a\\xet-core\\xet-core\\xet_client\\src\\common\\http_client.rs","line_number":288}
{"timestamp":"2026-06-28T12:24:41.783000Z","level":"INFO","fields":{"message":"Request Success: cas::get_reconstruction_v2 api call succeeded (request id 01KW730T6CETBWTYSS2Q8PK3TT)."},"filename":"D:\\a\\xet-core\\xet-core\\xet_client\\src\\cas_client\\retry_wrapper.rs","line_number":196}
{"timestamp":"2026-06-28T12:24:41.785986Z","level":"INFO","fields":{"message":"Completed get_reconstruction API call","call_id":3,"file_id":"78613135f161e5f517e18a405e22facb700d9737e3936330effa276e7bfc1c2a","bytes_range":"Some(Range { start: 0, end: 256000000 })","api_version":"v2"},"filename":"D:\\a\\xet-core\\xet-core\\xet_client\\src\\cas_client\\remote_client.rs","line_number":232}
{"timestamp":"2026-06-28T12:24:41.793131Z","level":"INFO","fields":{"message":"Received block of file terms from prefetch queue","file_hash":"78613135f161e5f517e18a405e22facb700d9737e3936330effa276e7bfc1c2a","domain":"us.aws.cdn.hf.co","block_start":0,"block_end":256000000,"block_size":4},"filename":"D:\\a\\xet-core\\xet-core\\xet_data\\src\\file_reconstruction\\reconstruction_terms\\manager.rs","line_number":151}
{"timestamp":"2026-06-28T12:24:41.794228Z","level":"INFO","fields":{"message":"Updated completion rate estimate based on previous block completion time (seconds).","file_hash":"78613135f161e5f517e18a405e22facb700d9737e3936330effa276e7bfc1c2a","block_start":0,"block_end":256000000,"block_size":256000000,"completion_time":0.0010973},"filename":"D:\\a\\xet-core\\xet-core\\xet_data\\src\\file_reconstruction\\reconstruction_terms\\manager.rs","line_number":104}
{"timestamp":"2026-06-28T12:24:41.795058Z","level":"INFO","fields":{"message":"Scheduling prefetch block","file_hash":"78613135f161e5f517e18a405e22facb700d9737e3936330effa276e7bfc1c2a","prefetch_range":"(1024000000, 9024000000)","requested_block_size":8000000000,"actual_block_size":8000000000,"queue_depth":3},"filename":"D:\\a\\xet-core\\xet-core\\xet_data\\src\\file_reconstruction\\reconstruction_terms\\manager.rs","line_number":272}
{"timestamp":"2026-06-28T12:24:41.795113Z","level":"INFO","fields":{"message":"Starting get_reconstruction API call","call_id":4,"file_id":"78613135f161e5f517e18a405e22facb700d9737e3936330effa276e7bfc1c2a","bytes_range":"Some(Range { start: 1024000000, end: 9024000000 })","api_version":"v2"},"filename":"D:\\a\\xet-core\\xet-core\\xet_client\\src\\cas_client\\remote_client.rs","line_number":208}
{"timestamp":"2026-06-28T12:24:41.795134Z","level":"INFO","fields":{"message":"Retry strategy","max_attempts":5,"base_delay":"3s","no_retry_on_429":false},"filename":"D:\\a\\xet-core\\xet-core\\xet_client\\src\\cas_client\\retry_wrapper.rs","line_number":235}
{"timestamp":"2026-06-28T12:24:41.796133Z","level":"INFO","fields":{"message":"Retry strategy","max_attempts":5,"base_delay":"3s","no_retry_on_429":false},"filename":"D:\\a\\xet-core\\xet-core\\xet_client\\src\\cas_client\\retry_wrapper.rs","line_number":235}
{"timestamp":"2026-06-28T12:24:41.796222Z","level":"INFO","fields":{"message":"Retry strategy","max_attempts":5,"base_delay":"3s","no_retry_on_429":false},"filename":"D:\\a\\xet-core\\xet-core\\xet_client\\src\\cas_client\\retry_wrapper.rs","line_number":235}
{"timestamp":"2026-06-28T12:24:41.796252Z","level":"INFO","fields":{"message":"Retry strategy","max_attempts":5,"base_delay":"3s","no_retry_on_429":false},"filename":"D:\\a\\xet-core\\xet-core\\xet_client\\src\\cas_client\\retry_wrapper.rs","line_number":235}
{"timestamp":"2026-06-28T12:24:41.829738Z","level":"INFO","fields":{"message":"Retry strategy","max_attempts":5,"base_delay":"3s","no_retry_on_429":false},"filename":"D:\\a\\xet-core\\xet-core\\xet_client\\src\\cas_client\\retry_wrapper.rs","line_number":235}
{"timestamp":"2026-06-28T12:24:42.162217Z","level":"INFO","fields":{"message":"Received CAS response","request_id":"01KW730T6D5CKDYE24AFF51Y9V","status_code":200},"filename":"D:\\a\\xet-core\\xet-core\\xet_client\\src\\common\\http_client.rs","line_number":288}
{"timestamp":"2026-06-28T12:24:42.162355Z","level":"INFO","fields":{"message":"Request Success: cas::get_reconstruction_v2 api call succeeded (request id 01KW730T6D5CKDYE24AFF51Y9V)."},"filename":"D:\\a\\xet-core\\xet-core\\xet_client\\src\\cas_client\\retry_wrapper.rs","line_number":196}
{"timestamp":"2026-06-28T12:24:42.164986Z","level":"INFO","fields":{"message":"Received CAS response","request_id":"01KW730T6F342BQSAB8T5WRSKH","status_code":200},"filename":"D:\\a\\xet-core\\xet-core\\xet_client\\src\\common\\http_client.rs","line_number":288}
{"timestamp":"2026-06-28T12:24:42.165048Z","level":"INFO","fields":{"message":"Request Success: cas::get_reconstruction_v2 api call succeeded (request id 01KW730T6F342BQSAB8T5WRSKH)."},"filename":"D:\\a\\xet-core\\xet-core\\xet_client\\src\\cas_client\\retry_wrapper.rs","line_number":196}
{"timestamp":"2026-06-28T12:24:42.167077Z","level":"INFO","fields":{"message":"Completed get_reconstruction API call","call_id":1,"file_id":"78613135f161e5f517e18a405e22facb700d9737e3936330effa276e7bfc1c2a","bytes_range":"Some(Range { start: 256000000, end: 768000000 })","api_version":"v2"},"filename":"D:\\a\\xet-core\\xet-core\\xet_client\\src\\cas_client\\remote_client.rs","line_number":232}
{"timestamp":"2026-06-28T12:24:42.167388Z","level":"INFO","fields":{"message":"Received block of file terms from prefetch queue","file_hash":"78613135f161e5f517e18a405e22facb700d9737e3936330effa276e7bfc1c2a","domain":"us.aws.cdn.hf.co","block_start":256000000,"block_end":768000000,"block_size":48},"filename":"D:\\a\\xet-core\\xet-core\\xet_data\\src\\file_reconstruction\\reconstruction_terms\\manager.rs","line_number":151}
{"timestamp":"2026-06-28T12:24:42.167971Z","level":"INFO","fields":{"message":"Completed get_reconstruction API call","call_id":2,"file_id":"78613135f161e5f517e18a405e22facb700d9737e3936330effa276e7bfc1c2a","bytes_range":"Some(Range { start: 768000000, end: 1024000000 })","api_version":"v2"},"filename":"D:\\a\\xet-core\\xet-core\\xet_client\\src\\cas_client\\remote_client.rs","line_number":232}
{"timestamp":"2026-06-28T12:24:42.168925Z","level":"INFO","fields":{"message":"Updated completion rate estimate based on previous block completion time (seconds).","file_hash":"78613135f161e5f517e18a405e22facb700d9737e3936330effa276e7bfc1c2a","block_start":256000000,"block_end":768000000,"block_size":512000000,"completion_time":0.0015344},"filename":"D:\\a\\xet-core\\xet-core\\xet_data\\src\\file_reconstruction\\reconstruction_terms\\manager.rs","line_number":104}
{"timestamp":"2026-06-28T12:24:42.168965Z","level":"INFO","fields":{"message":"Scheduling prefetch block","file_hash":"78613135f161e5f517e18a405e22facb700d9737e3936330effa276e7bfc1c2a","prefetch_range":"(9024000000, 17024000000)","requested_block_size":8000000000,"actual_block_size":8000000000,"queue_depth":3},"filename":"D:\\a\\xet-core\\xet-core\\xet_data\\src\\file_reconstruction\\reconstruction_terms\\manager.rs","line_number":272}
{"timestamp":"2026-06-28T12:24:42.169178Z","level":"INFO","fields":{"message":"Received block of file terms from prefetch queue","file_hash":"78613135f161e5f517e18a405e22facb700d9737e3936330effa276e7bfc1c2a","domain":"us.aws.cdn.hf.co","block_start":768000000,"block_end":1024000000,"block_size":50},"filename":"D:\\a\\xet-core\\xet-core\\xet_data\\src\\file_reconstruction\\reconstruction_terms\\manager.rs","line_number":151}
{"timestamp":"2026-06-28T12:24:42.169380Z","level":"INFO","fields":{"message":"Starting get_reconstruction API call","call_id":5,"file_id":"78613135f161e5f517e18a405e22facb700d9737e3936330effa276e7bfc1c2a","bytes_range":"Some(Range { start: 9024000000, end: 17024000000 })","api_version":"v2"},"filename":"D:\\a\\xet-core\\xet-core\\xet_client\\src\\cas_client\\remote_client.rs","line_number":208}
{"timestamp":"2026-06-28T12:24:42.169409Z","level":"INFO","fields":{"message":"Retry strategy","max_attempts":5,"base_delay":"3s","no_retry_on_429":false},"filename":"D:\\a\\xet-core\\xet-core\\xet_client\\src\\cas_client\\retry_wrapper.rs","line_number":235}
{"timestamp":"2026-06-28T12:24:42.169681Z","level":"INFO","fields":{"message":"Updated completion rate estimate based on previous block completion time (seconds).","file_hash":"78613135f161e5f517e18a405e22facb700d9737e3936330effa276e7bfc1c2a","block_start":768000000,"block_end":1024000000,"block_size":256000000,"completion_time":0.0005038},"filename":"D:\\a\\xet-core\\xet-core\\xet_data\\src\\file_reconstruction\\reconstruction_terms\\manager.rs","line_number":104}
{"timestamp":"2026-06-28T12:24:42.169732Z","level":"INFO","fields":{"message":"Scheduling prefetch block","file_hash":"78613135f161e5f517e18a405e22facb700d9737e3936330effa276e7bfc1c2a","prefetch_range":"(17024000000, 25024000000)","requested_block_size":8000000000,"actual_block_size":8000000000,"queue_depth":3},"filename":"D:\\a\\xet-core\\xet-core\\xet_data\\src\\file_reconstruction\\reconstruction_terms\\manager.rs","line_number":272}
{"timestamp":"2026-06-28T12:24:42.169793Z","level":"INFO","fields":{"message":"Starting get_reconstruction API call","call_id":6,"file_id":"78613135f161e5f517e18a405e22facb700d9737e3936330effa276e7bfc1c2a","bytes_range":"Some(Range { start: 17024000000, end: 25024000000 })","api_version":"v2"},"filename":"D:\\a\\xet-core\\xet-core\\xet_client\\src\\cas_client\\remote_client.rs","line_number":208}
{"timestamp":"2026-06-28T12:24:42.169821Z","level":"INFO","fields":{"message":"Retry strategy","max_attempts":5,"base_delay":"3s","no_retry_on_429":false},"filename":"D:\\a\\xet-core\\xet-core\\xet_client\\src\\cas_client\\retry_wrapper.rs","line_number":235}
{"timestamp":"2026-06-28T12:24:42.466675Z","level":"INFO","fields":{"message":"Received CAS response","request_id":"01KW730TZ2JD87SQJ7J8WYSXQW","status_code":416},"filename":"D:\\a\\xet-core\\xet-core\\xet_client\\src\\common\\http_client.rs","line_number":288}
{"timestamp":"2026-06-28T12:24:42.466726Z","level":"INFO","fields":{"message":"Reached end of reconstruction 416 (Range Not Satisfiable): \"cas::get_reconstruction_v2\" api call failed (request id 01KW730TZ2JD87SQJ7J8WYSXQW): HTTP status client error (416 Range Not Satisfiable) for url (https://cas-server.xethub.hf.co/v2/reconstructions/78613135f161e5f517e18a405e22facb700d9737e3936330effa276e7bfc1c2a)"},"filename":"D:\\a\\xet-core\\xet-core\\xet_client\\src\\cas_client\\retry_wrapper.rs","line_number":151}
{"timestamp":"2026-06-28T12:24:42.496964Z","level":"INFO","fields":{"message":"Received CAS response","request_id":"01KW730V19AXVJJNCZR10JVNAE","status_code":206},"filename":"D:\\a\\xet-core\\xet-core\\xet_client\\src\\common\\http_client.rs","line_number":288}
{"timestamp":"2026-06-28T12:24:42.497009Z","level":"INFO","fields":{"message":"Received CAS response","request_id":"01KW730V17981J9MXE31H7TMHQ","status_code":206},"filename":"D:\\a\\xet-core\\xet-core\\xet_client\\src\\common\\http_client.rs","line_number":288}
{"timestamp":"2026-06-28T12:24:42.497021Z","level":"INFO","fields":{"message":"Request Success: s3::get_range api call succeeded (request id 01KW730V19AXVJJNCZR10JVNAE)."},"filename":"D:\\a\\xet-core\\xet-core\\xet_client\\src\\cas_client\\retry_wrapper.rs","line_number":196}
{"timestamp":"2026-06-28T12:24:42.497041Z","level":"INFO","fields":{"message":"Request Success: s3::get_range api call succeeded (request id 01KW730V17981J9MXE31H7TMHQ)."},"filename":"D:\\a\\xet-core\\xet-core\\xet_client\\src\\cas_client\\retry_wrapper.rs","line_number":196}
{"timestamp":"2026-06-28T12:24:42.497585Z","level":"INFO","fields":{"message":"Received CAS response","request_id":"01KW730V1P6YE9WQRXEWGATWN2","status_code":206},"filename":"D:\\a\\xet-core\\xet-core\\xet_client\\src\\common\\http_client.rs","line_number":288}
{"timestamp":"2026-06-28T12:24:42.497618Z","level":"INFO","fields":{"message":"Request Success: s3::get_range api call succeeded (request id 01KW730V1P6YE9WQRXEWGATWN2)."},"filename":"D:\\a\\xet-core\\xet-core\\xet_client\\src\\cas_client\\retry_wrapper.rs","line_number":196}
{"timestamp":"2026-06-28T12:24:42.499100Z","level":"INFO","fields":{"message":"Received CAS response","request_id":"01KW730TZ48WH082WYNZG2F5HH","status_code":416},"filename":"D:\\a\\xet-core\\xet-core\\xet_client\\src\\common\\http_client.rs","line_number":288}
{"timestamp":"2026-06-28T12:24:42.499147Z","level":"INFO","fields":{"message":"Reached end of reconstruction 416 (Range Not Satisfiable): \"cas::get_reconstruction_v2\" api call failed (request id 01KW730TZ48WH082WYNZG2F5HH): HTTP status client error (416 Range Not Satisfiable) for url (https://cas-server.xethub.hf.co/v2/reconstructions/78613135f161e5f517e18a405e22facb700d9737e3936330effa276e7bfc1c2a)"},"filename":"D:\\a\\xet-core\\xet-core\\xet_client\\src\\cas_client\\retry_wrapper.rs","line_number":151}
{"timestamp":"2026-06-28T12:24:42.520289Z","level":"INFO","fields":{"message":"Received CAS response","request_id":"01KW730TKJDPREKFRX02Z7JA1E","status_code":200},"filename":"D:\\a\\xet-core\\xet-core\\xet_client\\src\\common\\http_client.rs","line_number":288}
{"timestamp":"2026-06-28T12:24:42.520318Z","level":"INFO","fields":{"message":"Request Success: cas::get_reconstruction_v2 api call succeeded (request id 01KW730TKJDPREKFRX02Z7JA1E)."},"filename":"D:\\a\\xet-core\\xet-core\\xet_client\\src\\cas_client\\retry_wrapper.rs","line_number":196}
{"timestamp":"2026-06-28T12:24:42.527495Z","level":"INFO","fields":{"message":"Received CAS response","request_id":"01KW730V16X7GYWCDGMBD6YMCJ","status_code":206},"filename":"D:\\a\\xet-core\\xet-core\\xet_client\\src\\common\\http_client.rs","line_number":288}
{"timestamp":"2026-06-28T12:24:42.527529Z","level":"INFO","fields":{"message":"Request Success: s3::get_range api call succeeded (request id 01KW730V16X7GYWCDGMBD6YMCJ)."},"filename":"D:\\a\\xet-core\\xet-core\\xet_client\\src\\cas_client\\retry_wrapper.rs","line_number":196}
{"timestamp":"2026-06-28T12:24:42.805207Z","level":"INFO","fields":{"message":"Completed get_reconstruction API call","call_id":4,"file_id":"78613135f161e5f517e18a405e22facb700d9737e3936330effa276e7bfc1c2a","bytes_range":"Some(Range { start: 1024000000, end: 9024000000 })","api_version":"v2"},"filename":"D:\\a\\xet-core\\xet-core\\xet_client\\src\\cas_client\\remote_client.rs","line_number":232}
{"timestamp":"2026-06-28T12:24:42.805578Z","level":"INFO","fields":{"message":"Received block of file terms from prefetch queue","file_hash":"78613135f161e5f517e18a405e22facb700d9737e3936330effa276e7bfc1c2a","domain":"us.aws.cdn.hf.co","block_start":1024000000,"block_end":2200119864,"block_size":211},"filename":"D:\\a\\xet-core\\xet-core\\xet_data\\src\\file_reconstruction\\reconstruction_terms\\manager.rs","line_number":151}
{"timestamp":"2026-06-28T12:24:42.806048Z","level":"INFO","fields":{"message":"Updated completion rate estimate based on previous block completion time (seconds).","file_hash":"78613135f161e5f517e18a405e22facb700d9737e3936330effa276e7bfc1c2a","block_start":1024000000,"block_end":2200119864,"block_size":1176119864,"completion_time":0.0004693},"filename":"D:\\a\\xet-core\\xet-core\\xet_data\\src\\file_reconstruction\\reconstruction_terms\\manager.rs","line_number":104}
{"timestamp":"2026-06-28T12:24:42.806061Z","level":"INFO","fields":{"message":"Completed prefetch queue; end of file reached.","file_hash":"78613135f161e5f517e18a405e22facb700d9737e3936330effa276e7bfc1c2a","prefetched_byte_position":25024000000},"filename":"D:\\a\\xet-core\\xet-core\\xet_data\\src\\file_reconstruction\\reconstruction_terms\\manager.rs","line_number":178}
{"timestamp":"2026-06-28T12:24:42.806067Z","level":"INFO","fields":{"message":"All term blocks received and scheduled for writing","file_hash":"78613135f161e5f517e18a405e22facb700d9737e3936330effa276e7bfc1c2a","block_count":4,"total_terms_processed":313,"total_bytes_scheduled":2200119864},"filename":"D:\\a\\xet-core\\xet-core\\xet_data\\src\\file_reconstruction\\run_state.rs","line_number":150}
{"timestamp":"2026-06-28T12:24:50.124515Z","level":"INFO","fields":{"message":"Concurrency control for download: Current concurrency = 4; predicted bandwidth = 2785159; success_ratio = 1.000; reference_size = 61.0MB; observed bytes sent so far = 47649317; completed transmissions = 0"},"filename":"D:\\a\\xet-core\\xet-core\\xet_client\\src\\cas_client\\adaptive_concurrency\\controller.rs","line_number":597}
{"timestamp":"2026-06-28T12:25:00.265500Z","level":"INFO","fields":{"message":"Concurrency control for download: Current concurrency = 4; predicted bandwidth = 1420663; success_ratio = 1.000; reference_size = 61.0MB; observed bytes sent so far = 113435019; completed transmissions = 0"},"filename":"D:\\a\\xet-core\\xet-core\\xet_client\\src\\cas_client\\adaptive_concurrency\\controller.rs","line_number":597}
{"timestamp":"2026-06-28T12:25:09.519595Z","level":"INFO","fields":{"message":"Concurrency control for download: Increased concurrency from 4 to 5; reason: success ratio 1.000 is above threshold 0.800 and predicted RTT for 61MB at new concurrency is 38.10s < target 60.0s"},"filename":"D:\\a\\xet-core\\xet-core\\xet_client\\src\\cas_client\\adaptive_concurrency\\controller.rs","line_number":543}
{"timestamp":"2026-06-28T12:25:09.519818Z","level":"INFO","fields":{"message":"Retry strategy","max_attempts":5,"base_delay":"3s","no_retry_on_429":false},"filename":"D:\\a\\xet-core\\xet-core\\xet_client\\src\\cas_client\\retry_wrapper.rs","line_number":235}
{"timestamp":"2026-06-28T12:25:09.656361Z","level":"INFO","fields":{"message":"Retry strategy","max_attempts":5,"base_delay":"3s","no_retry_on_429":false},"filename":"D:\\a\\xet-core\\xet-core\\xet_client\\src\\cas_client\\retry_wrapper.rs","line_number":235}
{"timestamp":"2026-06-28T12:25:09.716987Z","level":"INFO","fields":{"message":"Received CAS response","request_id":"01KW731NKPRMP6SYX19P6JHZYH","status_code":206},"filename":"D:\\a\\xet-core\\xet-core\\xet_client\\src\\common\\http_client.rs","line_number":288}
{"timestamp":"2026-06-28T12:25:09.717025Z","level":"INFO","fields":{"message":"Request Success: s3::get_range api call succeeded (request id 01KW731NKPRMP6SYX19P6JHZYH)."},"filename":"D:\\a\\xet-core\\xet-core\\xet_client\\src\\cas_client\\retry_wrapper.rs","line_number":196}
{"timestamp":"2026-06-28T12:25:10.073044Z","level":"INFO","fields":{"message":"Concurrency control for download: Increased concurrency from 5 to 6; reason: success ratio 1.000 is above threshold 0.800 and predicted RTT for 61MB at new concurrency is 46.71s < target 60.0s"},"filename":"D:\\a\\xet-core\\xet-core\\xet_client\\src\\cas_client\\adaptive_concurrency\\controller.rs","line_number":543}
{"timestamp":"2026-06-28T12:25:10.073105Z","level":"INFO","fields":{"message":"Retry strategy","max_attempts":5,"base_delay":"3s","no_retry_on_429":false},"filename":"D:\\a\\xet-core\\xet-core\\xet_client\\src\\cas_client\\retry_wrapper.rs","line_number":235}
{"timestamp":"2026-06-28T12:25:10.272448Z","level":"INFO","fields":{"message":"Concurrency control for download: Current concurrency = 6; predicted bandwidth = 1160605; success_ratio = 1.000; reference_size = 61.0MB; observed bytes sent so far = 175761348; completed transmissions = 1"},"filename":"D:\\a\\xet-core\\xet-core\\xet_client\\src\\cas_client\\adaptive_concurrency\\controller.rs","line_number":597}
{"timestamp":"2026-06-28T12:25:10.484676Z","level":"INFO","fields":{"message":"Received CAS response","request_id":"01KW731PAB169849TANYA0TA55","status_code":206},"filename":"D:\\a\\xet-core\\xet-core\\xet_client\\src\\common\\http_client.rs","line_number":288}
{"timestamp":"2026-06-28T12:25:10.484703Z","level":"INFO","fields":{"message":"Request Success: s3::get_range api call succeeded (request id 01KW731PAB169849TANYA0TA55)."},"filename":"D:\\a\\xet-core\\xet-core\\xet_client\\src\\cas_client\\retry_wrapper.rs","line_number":196}
{"timestamp":"2026-06-28T12:25:10.608240Z","level":"INFO","fields":{"message":"Concurrency control for download: Increased concurrency from 6 to 7; reason: success ratio 1.000 is above threshold 0.800 and predicted RTT for 61MB at new concurrency is 58.66s < target 60.0s"},"filename":"D:\\a\\xet-core\\xet-core\\xet_client\\src\\cas_client\\adaptive_concurrency\\controller.rs","line_number":543}
{"timestamp":"2026-06-28T12:25:10.608349Z","level":"INFO","fields":{"message":"Retry strategy","max_attempts":5,"base_delay":"3s","no_retry_on_429":false},"filename":"D:\\a\\xet-core\\xet-core\\xet_client\\src\\cas_client\\retry_wrapper.rs","line_number":235}
{"timestamp":"2026-06-28T12:25:10.812556Z","level":"INFO","fields":{"message":"Received CAS response","request_id":"01KW731PM0MAPW1N6VVSYRWPP2","status_code":206},"filename":"D:\\a\\xet-core\\xet-core\\xet_client\\src\\common\\http_client.rs","line_number":288}
{"timestamp":"2026-06-28T12:25:10.812586Z","level":"INFO","fields":{"message":"Request Success: s3::get_range api call succeeded (request id 01KW731PM0MAPW1N6VVSYRWPP2)."},"filename":"D:\\a\\xet-core\\xet-core\\xet_client\\src\\cas_client\\retry_wrapper.rs","line_number":196}
{"timestamp":"2026-06-28T12:25:11.436486Z","level":"INFO","fields":{"message":"Received CAS response","request_id":"01KW731Q69TB7256CSX1P3830V","status_code":206},"filename":"D:\\a\\xet-core\\xet-core\\xet_client\\src\\common\\http_client.rs","line_number":288}
{"timestamp":"2026-06-28T12:25:11.436517Z","level":"INFO","fields":{"message":"Request Success: s3::get_range api call succeeded (request id 01KW731Q69TB7256CSX1P3830V)."},"filename":"D:\\a\\xet-core\\xet-core\\xet_client\\src\\cas_client\\retry_wrapper.rs","line_number":196}
{"timestamp":"2026-06-28T12:25:12.094954Z","level":"INFO","fields":{"message":"Retry strategy","max_attempts":5,"base_delay":"3s","no_retry_on_429":false},"filename":"D:\\a\\xet-core\\xet-core\\xet_client\\src\\cas_client\\retry_wrapper.rs","line_number":235}
{"timestamp":"2026-06-28T12:25:12.402323Z","level":"INFO","fields":{"message":"Received CAS response","request_id":"01KW731R49W42BD6QAYXYZXBRM","status_code":206},"filename":"D:\\a\\xet-core\\xet-core\\xet_client\\src\\common\\http_client.rs","line_number":288}
{"timestamp":"2026-06-28T12:25:12.402352Z","level":"INFO","fields":{"message":"Request Success: s3::get_range api call succeeded (request id 01KW731R49W42BD6QAYXYZXBRM)."},"filename":"D:\\a\\xet-core\\xet-core\\xet_client\\src\\cas_client\\retry_wrapper.rs","line_number":196}
{"timestamp":"2026-06-28T12:25:15.476929Z","level":"INFO","fields":{"message":"Retry strategy","max_attempts":5,"base_delay":"3s","no_retry_on_429":false},"filename":"D:\\a\\xet-core\\xet-core\\xet_client\\src\\cas_client\\retry_wrapper.rs","line_number":235}
{"timestamp":"2026-06-28T12:25:16.367541Z","level":"INFO","fields":{"message":"Received CAS response","request_id":"01KW731VDKJ2RN4W0Y7T0Y6G7M","status_code":206},"filename":"D:\\a\\xet-core\\xet-core\\xet_client\\src\\common\\http_client.rs","line_number":288}
{"timestamp":"2026-06-28T12:25:16.367574Z","level":"INFO","fields":{"message":"Request Success: s3::get_range api call succeeded (request id 01KW731VDKJ2RN4W0Y7T0Y6G7M)."},"filename":"D:\\a\\xet-core\\xet-core\\xet_client\\src\\cas_client\\retry_wrapper.rs","line_number":196}
{"timestamp":"2026-06-28T12:25:18.126144Z","level":"INFO","fields":{"message":"Retry strategy","max_attempts":5,"base_delay":"3s","no_retry_on_429":false},"filename":"D:\\a\\xet-core\\xet-core\\xet_client\\src\\cas_client\\retry_wrapper.rs","line_number":235}
{"timestamp":"2026-06-28T12:25:18.143846Z","level":"INFO","fields":{"message":"Retry strategy","max_attempts":5,"base_delay":"3s","no_retry_on_429":false},"filename":"D:\\a\\xet-core\\xet-core\\xet_client\\src\\cas_client\\retry_wrapper.rs","line_number":235}
{"timestamp":"2026-06-28T12:25:18.882218Z","level":"INFO","fields":{"message":"Received CAS response","request_id":"01KW731YKFYMES4CBTKDW80B3E","status_code":206},"filename":"D:\\a\\xet-core\\xet-core\\xet_client\\src\\common\\http_client.rs","line_number":288}
{"timestamp":"2026-06-28T12:25:18.882249Z","level":"INFO","fields":{"message":"Request Success: s3::get_range api call succeeded (request id 01KW731YKFYMES4CBTKDW80B3E)."},"filename":"D:\\a\\xet-core\\xet-core\\xet_client\\src\\cas_client\\retry_wrapper.rs","line_number":196}
{"timestamp":"2026-06-28T12:25:18.907469Z","level":"INFO","fields":{"message":"Received CAS response","request_id":"01KW731YKMHW2D7D0JKRASVSMM","status_code":206},"filename":"D:\\a\\xet-core\\xet-core\\xet_client\\src\\common\\http_client.rs","line_number":288}
{"timestamp":"2026-06-28T12:25:18.907499Z","level":"INFO","fields":{"message":"Request Success: s3::get_range api call succeeded (request id 01KW731YKMHW2D7D0JKRASVSMM)."},"filename":"D:\\a\\xet-core\\xet-core\\xet_client\\src\\cas_client\\retry_wrapper.rs","line_number":196}
{"timestamp":"2026-06-28T12:25:19.896337Z","level":"INFO","fields":{"message":"Retry strategy","max_attempts":5,"base_delay":"3s","no_retry_on_429":false},"filename":"D:\\a\\xet-core\\xet-core\\xet_client\\src\\cas_client\\retry_wrapper.rs","line_number":235}
{"timestamp":"2026-06-28T12:25:20.284208Z","level":"INFO","fields":{"message":"Concurrency control for download: Current concurrency = 7; predicted bandwidth = 6224141; success_ratio = 1.000; reference_size = 61.0MB; observed bytes sent so far = 240331607; completed transmissions = 6"},"filename":"D:\\a\\xet-core\\xet-core\\xet_client\\src\\cas_client\\adaptive_concurrency\\controller.rs","line_number":597}
{"timestamp":"2026-06-28T12:25:20.429534Z","level":"INFO","fields":{"message":"Received CAS response","request_id":"01KW731ZR8X9MBA48XNF0GS0E9","status_code":206},"filename":"D:\\a\\xet-core\\xet-core\\xet_client\\src\\common\\http_client.rs","line_number":288}
{"timestamp":"2026-06-28T12:25:20.429563Z","level":"INFO","fields":{"message":"Request Success: s3::get_range api call succeeded (request id 01KW731ZR8X9MBA48XNF0GS0E9)."},"filename":"D:\\a\\xet-core\\xet-core\\xet_client\\src\\cas_client\\retry_wrapper.rs","line_number":196}
{"timestamp":"2026-06-28T12:25:21.292513Z","level":"INFO","fields":{"message":"Retry strategy","max_attempts":5,"base_delay":"3s","no_retry_on_429":false},"filename":"D:\\a\\xet-core\\xet-core\\xet_client\\src\\cas_client\\retry_wrapper.rs","line_number":235}
{"timestamp":"2026-06-28T12:25:21.784551Z","level":"INFO","fields":{"message":"Received CAS response","request_id":"01KW73213E469GF0PY3NTSZJ3T","status_code":206},"filename":"D:\\a\\xet-core\\xet-core\\xet_client\\src\\common\\http_client.rs","line_number":288}
{"timestamp":"2026-06-28T12:25:21.784581Z","level":"INFO","fields":{"message":"Request Success: s3::get_range api call succeeded (request id 01KW73213E469GF0PY3NTSZJ3T)."},"filename":"D:\\a\\xet-core\\xet-core\\xet_client\\src\\cas_client\\retry_wrapper.rs","line_number":196}
{"timestamp":"2026-06-28T12:25:21.849158Z","level":"INFO","fields":{"message":"Retry strategy","max_attempts":5,"base_delay":"3s","no_retry_on_429":false},"filename":"D:\\a\\xet-core\\xet-core\\xet_client\\src\\cas_client\\retry_wrapper.rs","line_number":235}
{"timestamp":"2026-06-28T12:25:22.273681Z","level":"INFO","fields":{"message":"Received CAS response","request_id":"01KW7321MXMKST9FYC1DRK5TJ9","status_code":206},"filename":"D:\\a\\xet-core\\xet-core\\xet_client\\src\\common\\http_client.rs","line_number":288}
{"timestamp":"2026-06-28T12:25:22.273706Z","level":"INFO","fields":{"message":"Request Success: s3::get_range api call succeeded (request id 01KW7321MXMKST9FYC1DRK5TJ9)."},"filename":"D:\\a\\xet-core\\xet-core\\xet_client\\src\\cas_client\\retry_wrapper.rs","line_number":196}
{"timestamp":"2026-06-28T12:25:23.192835Z","level":"INFO","fields":{"message":"Retry strategy","max_attempts":5,"base_delay":"3s","no_retry_on_429":false},"filename":"D:\\a\\xet-core\\xet-core\\xet_client\\src\\cas_client\\retry_wrapper.rs","line_number":235}
{"timestamp":"2026-06-28T12:25:23.604261Z","level":"INFO","fields":{"message":"Received CAS response","request_id":"01KW7322YR5A9D9QP6M2R7S5VK","status_code":206},"filename":"D:\\a\\xet-core\\xet-core\\xet_client\\src\\common\\http_client.rs","line_number":288}
{"timestamp":"2026-06-28T12:25:23.604291Z","level":"INFO","fields":{"message":"Request Success: s3::get_range api call succeeded (request id 01KW7322YR5A9D9QP6M2R7S5VK)."},"filename":"D:\\a\\xet-core\\xet-core\\xet_client\\src\\cas_client\\retry_wrapper.rs","line_number":196}
{"timestamp":"2026-06-28T12:25:30.294480Z","level":"INFO","fields":{"message":"Concurrency control for download: Current concurrency = 7; predicted bandwidth = 3694128; success_ratio = 1.000; reference_size = 61.0MB; observed bytes sent so far = 305658750; completed transmissions = 9"},"filename":"D:\\a\\xet-core\\xet-core\\xet_client\\src\\cas_client\\adaptive_concurrency\\controller.rs","line_number":597}
{"timestamp":"2026-06-28T12:25:30.457923Z","level":"INFO","fields":{"message":"Retry strategy","max_attempts":5,"base_delay":"3s","no_retry_on_429":false},"filename":"D:\\a\\xet-core\\xet-core\\xet_client\\src\\cas_client\\retry_wrapper.rs","line_number":235}
{"timestamp":"2026-06-28T12:25:30.684890Z","level":"INFO","fields":{"message":"Received CAS response","request_id":"01KW732A1S8S83D1T547812HHZ","status_code":206},"filename":"D:\\a\\xet-core\\xet-core\\xet_client\\src\\common\\http_client.rs","line_number":288}
{"timestamp":"2026-06-28T12:25:30.684935Z","level":"INFO","fields":{"message":"Request Success: s3::get_range api call succeeded (request id 01KW732A1S8S83D1T547812HHZ)."},"filename":"D:\\a\\xet-core\\xet-core\\xet_client\\src\\cas_client\\retry_wrapper.rs","line_number":196}
{"timestamp":"2026-06-28T12:25:32.599034Z","level":"INFO","fields":{"message":"Concurrency control for download: Increased concurrency from 7 to 8; reason: success ratio 1.000 is above threshold 0.800 and predicted RTT for 61MB at new concurrency is 59.16s < target 60.0s"},"filename":"D:\\a\\xet-core\\xet-core\\xet_client\\src\\cas_client\\adaptive_concurrency\\controller.rs","line_number":543}
{"timestamp":"2026-06-28T12:25:32.599091Z","level":"INFO","fields":{"message":"Retry strategy","max_attempts":5,"base_delay":"3s","no_retry_on_429":false},"filename":"D:\\a\\xet-core\\xet-core\\xet_client\\src\\cas_client\\retry_wrapper.rs","line_number":235}
{"timestamp":"2026-06-28T12:25:33.482157Z","level":"INFO","fields":{"message":"Received CAS response","request_id":"01KW732CPMRHJRSJ9FN86V930C","status_code":206},"filename":"D:\\a\\xet-core\\xet-core\\xet_client\\src\\common\\http_client.rs","line_number":288}
{"timestamp":"2026-06-28T12:25:33.482183Z","level":"INFO","fields":{"message":"Request Success: s3::get_range api call succeeded (request id 01KW732CPMRHJRSJ9FN86V930C)."},"filename":"D:\\a\\xet-core\\xet-core\\xet_client\\src\\cas_client\\retry_wrapper.rs","line_number":196}
{"timestamp":"2026-06-28T12:25:34.232924Z","level":"INFO","fields":{"message":"Concurrency control for download: Increased concurrency from 8 to 9; reason: success ratio 1.000 is above threshold 0.800 and predicted RTT for 61MB at new concurrency is 59.16s < target 60.0s"},"filename":"D:\\a\\xet-core\\xet-core\\xet_client\\src\\cas_client\\adaptive_concurrency\\controller.rs","line_number":543}
{"timestamp":"2026-06-28T12:25:34.233173Z","level":"INFO","fields":{"message":"Retry strategy","max_attempts":5,"base_delay":"3s","no_retry_on_429":false},"filename":"D:\\a\\xet-core\\xet-core\\xet_client\\src\\cas_client\\retry_wrapper.rs","line_number":235}
{"timestamp":"2026-06-28T12:25:35.177341Z","level":"INFO","fields":{"message":"Received CAS response","request_id":"01KW732EBGRT1PN32PKYR8ENXQ","status_code":206},"filename":"D:\\a\\xet-core\\xet-core\\xet_client\\src\\common\\http_client.rs","line_number":288}
{"timestamp":"2026-06-28T12:25:35.177383Z","level":"INFO","fields":{"message":"Request Success: s3::get_range api call succeeded (request id 01KW732EBGRT1PN32PKYR8ENXQ)."},"filename":"D:\\a\\xet-core\\xet-core\\xet_client\\src\\cas_client\\retry_wrapper.rs","line_number":196}
{"timestamp":"2026-06-28T12:25:38.232784Z","level":"INFO","fields":{"message":"Retry strategy","max_attempts":5,"base_delay":"3s","no_retry_on_429":false},"filename":"D:\\a\\xet-core\\xet-core\\xet_client\\src\\cas_client\\retry_wrapper.rs","line_number":235}
{"timestamp":"2026-06-28T12:25:38.425896Z","level":"INFO","fields":{"message":"Concurrency control for download: Increased concurrency from 9 to 10; reason: success ratio 1.000 is above threshold 0.800 and predicted RTT for 61MB at new concurrency is 45.72s < target 60.0s"},"filename":"D:\\a\\xet-core\\xet-core\\xet_client\\src\\cas_client\\adaptive_concurrency\\controller.rs","line_number":543}
{"timestamp":"2026-06-28T12:25:38.425994Z","level":"INFO","fields":{"message":"Retry strategy","max_attempts":5,"base_delay":"3s","no_retry_on_429":false},"filename":"D:\\a\\xet-core\\xet-core\\xet_client\\src\\cas_client\\retry_wrapper.rs","line_number":235}
{"timestamp":"2026-06-28T12:25:38.426326Z","level":"INFO","fields":{"message":"Retry strategy","max_attempts":5,"base_delay":"3s","no_retry_on_429":false},"filename":"D:\\a\\xet-core\\xet-core\\xet_client\\src\\cas_client\\retry_wrapper.rs","line_number":235}
{"timestamp":"2026-06-28T12:25:38.523327Z","level":"INFO","fields":{"message":"Received CAS response","request_id":"01KW732HSX2NP7WJ6CJ5PA0212","status_code":206},"filename":"D:\\a\\xet-core\\xet-core\\xet_client\\src\\common\\http_client.rs","line_number":288}
{"timestamp":"2026-06-28T12:25:38.523351Z","level":"INFO","fields":{"message":"Request Success: s3::get_range api call succeeded (request id 01KW732HSX2NP7WJ6CJ5PA0212)."},"filename":"D:\\a\\xet-core\\xet-core\\xet_client\\src\\cas_client\\retry_wrapper.rs","line_number":196}
{"timestamp":"2026-06-28T12:25:38.681486Z","level":"INFO","fields":{"message":"Received CAS response","request_id":"01KW732HXBGBZHSX9T2MGVJYAE","status_code":206},"filename":"D:\\a\\xet-core\\xet-core\\xet_client\\src\\common\\http_client.rs","line_number":288}
{"timestamp":"2026-06-28T12:25:38.681518Z","level":"INFO","fields":{"message":"Request Success: s3::get_range api call succeeded (request id 01KW732HXBGBZHSX9T2MGVJYAE)."},"filename":"D:\\a\\xet-core\\xet-core\\xet_client\\src\\cas_client\\retry_wrapper.rs","line_number":196}
{"timestamp":"2026-06-28T12:25:38.978974Z","level":"INFO","fields":{"message":"Concurrency control for download: Increased concurrency from 10 to 11; reason: success ratio 1.000 is above threshold 0.800 and predicted RTT for 61MB at new concurrency is 52.73s < target 60.0s"},"filename":"D:\\a\\xet-core\\xet-core\\xet_client\\src\\cas_client\\adaptive_concurrency\\controller.rs","line_number":543}
{"timestamp":"2026-06-28T12:25:38.979081Z","level":"INFO","fields":{"message":"Retry strategy","max_attempts":5,"base_delay":"3s","no_retry_on_429":false},"filename":"D:\\a\\xet-core\\xet-core\\xet_client\\src\\cas_client\\retry_wrapper.rs","line_number":235}
{"timestamp":"2026-06-28T12:25:39.506749Z","level":"INFO","fields":{"message":"Concurrency control for download: Increased concurrency from 11 to 12; reason: success ratio 1.000 is above threshold 0.800 and predicted RTT for 61MB at new concurrency is 58.87s < target 60.0s"},"filename":"D:\\a\\xet-core\\xet-core\\xet_client\\src\\cas_client\\adaptive_concurrency\\controller.rs","line_number":543}
{"timestamp":"2026-06-28T12:25:39.506812Z","level":"INFO","fields":{"message":"Retry strategy","max_attempts":5,"base_delay":"3s","no_retry_on_429":false},"filename":"D:\\a\\xet-core\\xet-core\\xet_client\\src\\cas_client\\retry_wrapper.rs","line_number":235}
{"timestamp":"2026-06-28T12:25:39.640382Z","level":"INFO","fields":{"message":"Received CAS response","request_id":"01KW732JEK07QX4XT4CVJEPJ8F","status_code":206},"filename":"D:\\a\\xet-core\\xet-core\\xet_client\\src\\common\\http_client.rs","line_number":288}
{"timestamp":"2026-06-28T12:25:39.640411Z","level":"INFO","fields":{"message":"Request Success: s3::get_range api call succeeded (request id 01KW732JEK07QX4XT4CVJEPJ8F)."},"filename":"D:\\a\\xet-core\\xet-core\\xet_client\\src\\cas_client\\retry_wrapper.rs","line_number":196}
{"timestamp":"2026-06-28T12:25:40.323078Z","level":"INFO","fields":{"message":"Concurrency control for download: Current concurrency = 12; predicted bandwidth = 3023484; success_ratio = 1.000; reference_size = 61.0MB; observed bytes sent so far = 370480184; completed transmissions = 12"},"filename":"D:\\a\\xet-core\\xet-core\\xet_client\\src\\cas_client\\adaptive_concurrency\\controller.rs","line_number":597}
{"timestamp":"2026-06-28T12:25:40.511364Z","level":"INFO","fields":{"message":"Received CAS response","request_id":"01KW732KE7SHD9YZ7MN6F0MHDM","status_code":206},"filename":"D:\\a\\xet-core\\xet-core\\xet_client\\src\\common\\http_client.rs","line_number":288}
{"timestamp":"2026-06-28T12:25:40.511394Z","level":"INFO","fields":{"message":"Request Success: s3::get_range api call succeeded (request id 01KW732KE7SHD9YZ7MN6F0MHDM)."},"filename":"D:\\a\\xet-core\\xet-core\\xet_client\\src\\cas_client\\retry_wrapper.rs","line_number":196}
{"timestamp":"2026-06-28T12:25:40.772893Z","level":"INFO","fields":{"message":"Received CAS response","request_id":"01KW732KTQNZSEG48RESRZWBS7","status_code":206},"filename":"D:\\a\\xet-core\\xet-core\\xet_client\\src\\common\\http_client.rs","line_number":288}
{"timestamp":"2026-06-28T12:25:40.773158Z","level":"INFO","fields":{"message":"Request Success: s3::get_range api call succeeded (request id 01KW732KTQNZSEG48RESRZWBS7)."},"filename":"D:\\a\\xet-core\\xet-core\\xet_client\\src\\cas_client\\retry_wrapper.rs","line_number":196}
{"timestamp":"2026-06-28T12:25:43.710745Z","level":"INFO","fields":{"message":"Retry strategy","max_attempts":5,"base_delay":"3s","no_retry_on_429":false},"filename":"D:\\a\\xet-core\\xet-core\\xet_client\\src\\cas_client\\retry_wrapper.rs","line_number":235}
{"timestamp":"2026-06-28T12:25:44.424273Z","level":"INFO","fields":{"message":"Received CAS response","request_id":"01KW732Q13BET3MZ35319VZNJ0","status_code":206},"filename":"D:\\a\\xet-core\\xet-core\\xet_client\\src\\common\\http_client.rs","line_number":288}
{"timestamp":"2026-06-28T12:25:44.424302Z","level":"INFO","fields":{"message":"Request Success: s3::get_range api call succeeded (request id 01KW732Q13BET3MZ35319VZNJ0)."},"filename":"D:\\a\\xet-core\\xet-core\\xet_client\\src\\cas_client\\retry_wrapper.rs","line_number":196}
{"timestamp":"2026-06-28T12:25:45.716931Z","level":"INFO","fields":{"message":"Retry strategy","max_attempts":5,"base_delay":"3s","no_retry_on_429":false},"filename":"D:\\a\\xet-core\\xet-core\\xet_client\\src\\cas_client\\retry_wrapper.rs","line_number":235}
{"timestamp":"2026-06-28T12:25:46.495174Z","level":"INFO","fields":{"message":"Received CAS response","request_id":"01KW732RZ6945E99JSPX8NVW1J","status_code":206},"filename":"D:\\a\\xet-core\\xet-core\\xet_client\\src\\common\\http_client.rs","line_number":288}
{"timestamp":"2026-06-28T12:25:46.495204Z","level":"INFO","fields":{"message":"Request Success: s3::get_range api call succeeded (request id 01KW732RZ6945E99JSPX8NVW1J)."},"filename":"D:\\a\\xet-core\\xet-core\\xet_client\\src\\cas_client\\retry_wrapper.rs","line_number":196}
{"timestamp":"2026-06-28T12:25:47.088152Z","level":"INFO","fields":{"message":"Concurrency control for download: Increased concurrency from 12 to 13; reason: success ratio 1.000 is above threshold 0.800 and predicted RTT for 61MB at new concurrency is 51.24s < target 60.0s"},"filename":"D:\\a\\xet-core\\xet-core\\xet_client\\src\\cas_client\\adaptive_concurrency\\controller.rs","line_number":543}
{"timestamp":"2026-06-28T12:25:47.088397Z","level":"INFO","fields":{"message":"Retry strategy","max_attempts":5,"base_delay":"3s","no_retry_on_429":false},"filename":"D:\\a\\xet-core\\xet-core\\xet_client\\src\\cas_client\\retry_wrapper.rs","line_number":235}
{"timestamp":"2026-06-28T12:25:47.088885Z","level":"INFO","fields":{"message":"Retry strategy","max_attempts":5,"base_delay":"3s","no_retry_on_429":false},"filename":"D:\\a\\xet-core\\xet-core\\xet_client\\src\\cas_client\\retry_wrapper.rs","line_number":235}
{"timestamp":"2026-06-28T12:25:47.628099Z","level":"INFO","fields":{"message":"Concurrency control for download: Increased concurrency from 13 to 14; reason: success ratio 1.000 is above threshold 0.800 and predicted RTT for 61MB at new concurrency is 54.78s < target 60.0s"},"filename":"D:\\a\\xet-core\\xet-core\\xet_client\\src\\cas_client\\adaptive_concurrency\\controller.rs","line_number":543}
{"timestamp":"2026-06-28T12:25:47.628146Z","level":"INFO","fields":{"message":"Retry strategy","max_attempts":5,"base_delay":"3s","no_retry_on_429":false},"filename":"D:\\a\\xet-core\\xet-core\\xet_client\\src\\cas_client\\retry_wrapper.rs","line_number":235}
{"timestamp":"2026-06-28T12:25:47.707695Z","level":"INFO","fields":{"message":"Retry strategy","max_attempts":5,"base_delay":"3s","no_retry_on_429":false},"filename":"D:\\a\\xet-core\\xet-core\\xet_client\\src\\cas_client\\retry_wrapper.rs","line_number":235}
{"timestamp":"2026-06-28T12:25:47.733782Z","level":"INFO","fields":{"message":"Received CAS response","request_id":"01KW732TAJQ4NNPNGKZ9W7D3TY","status_code":206},"filename":"D:\\a\\xet-core\\xet-core\\xet_client\\src\\common\\http_client.rs","line_number":288}
{"timestamp":"2026-06-28T12:25:47.733813Z","level":"INFO","fields":{"message":"Request Success: s3::get_range api call succeeded (request id 01KW732TAJQ4NNPNGKZ9W7D3TY)."},"filename":"D:\\a\\xet-core\\xet-core\\xet_client\\src\\cas_client\\retry_wrapper.rs","line_number":196}
{"timestamp":"2026-06-28T12:25:48.158907Z","level":"INFO","fields":{"message":"Concurrency control for download: Increased concurrency from 14 to 15; reason: success ratio 1.000 is above threshold 0.800 and predicted RTT for 61MB at new concurrency is 58.05s < target 60.0s"},"filename":"D:\\a\\xet-core\\xet-core\\xet_client\\src\\cas_client\\adaptive_concurrency\\controller.rs","line_number":543}
{"timestamp":"2026-06-28T12:25:48.158962Z","level":"INFO","fields":{"message":"Retry strategy","max_attempts":5,"base_delay":"3s","no_retry_on_429":false},"filename":"D:\\a\\xet-core\\xet-core\\xet_client\\src\\cas_client\\retry_wrapper.rs","line_number":235}
{"timestamp":"2026-06-28T12:25:49.328317Z","level":"INFO","fields":{"message":"Received CAS response","request_id":"01KW732TYMNTTM15DNHJJTYB10","status_code":206},"filename":"D:\\a\\xet-core\\xet-core\\xet_client\\src\\common\\http_client.rs","line_number":288}
{"timestamp":"2026-06-28T12:25:49.328349Z","level":"INFO","fields":{"message":"Request Success: s3::get_range api call succeeded (request id 01KW732TYMNTTM15DNHJJTYB10)."},"filename":"D:\\a\\xet-core\\xet-core\\xet_client\\src\\cas_client\\retry_wrapper.rs","line_number":196}
{"timestamp":"2026-06-28T12:25:49.956565Z","level":"INFO","fields":{"message":"Received CAS response","request_id":"01KW732WDTEMX77FQ6H9TZ7GHB","status_code":206},"filename":"D:\\a\\xet-core\\xet-core\\xet_client\\src\\common\\http_client.rs","line_number":288}
{"timestamp":"2026-06-28T12:25:49.956597Z","level":"INFO","fields":{"message":"Request Success: s3::get_range api call succeeded (request id 01KW732WDTEMX77FQ6H9TZ7GHB)."},"filename":"D:\\a\\xet-core\\xet-core\\xet_client\\src\\cas_client\\retry_wrapper.rs","line_number":196}
{"timestamp":"2026-06-28T12:25:49.967429Z","level":"INFO","fields":{"message":"Received CAS response","request_id":"01KW732WDF5NYSSNBC2PPCJA1C","status_code":206},"filename":"D:\\a\\xet-core\\xet-core\\xet_client\\src\\common\\http_client.rs","line_number":288}
{"timestamp":"2026-06-28T12:25:49.967464Z","level":"INFO","fields":{"message":"Request Success: s3::get_range api call succeeded (request id 01KW732WDF5NYSSNBC2PPCJA1C)."},"filename":"D:\\a\\xet-core\\xet-core\\xet_client\\src\\cas_client\\retry_wrapper.rs","line_number":196}
{"timestamp":"2026-06-28T12:25:49.970847Z","level":"INFO","fields":{"message":"Received CAS response","request_id":"01KW732WDW8VXMXBAQ3EM2J736","status_code":206},"filename":"D:\\a\\xet-core\\xet-core\\xet_client\\src\\common\\http_client.rs","line_number":288}
{"timestamp":"2026-06-28T12:25:49.970874Z","level":"INFO","fields":{"message":"Request Success: s3::get_range api call succeeded (request id 01KW732WDW8VXMXBAQ3EM2J736)."},"filename":"D:\\a\\xet-core\\xet-core\\xet_client\\src\\cas_client\\retry_wrapper.rs","line_number":196}
{"timestamp":"2026-06-28T12:25:50.380094Z","level":"INFO","fields":{"message":"Concurrency control for download: Current concurrency = 15; predicted bandwidth = 1441644; success_ratio = 1.000; reference_size = 61.0MB; observed bytes sent so far = 438825260; completed transmissions = 16"},"filename":"D:\\a\\xet-core\\xet-core\\xet_client\\src\\cas_client\\adaptive_concurrency\\controller.rs","line_number":597}
{"timestamp":"2026-06-28T12:25:55.062202Z","level":"INFO","fields":{"message":"Retry strategy","max_attempts":5,"base_delay":"3s","no_retry_on_429":false},"filename":"D:\\a\\xet-core\\xet-core\\xet_client\\src\\cas_client\\retry_wrapper.rs","line_number":235}
{"timestamp":"2026-06-28T12:25:56.094824Z","level":"INFO","fields":{"message":"Received CAS response","request_id":"01KW73325DQGMG0KJE52GBV3RM","status_code":206},"filename":"D:\\a\\xet-core\\xet-core\\xet_client\\src\\common\\http_client.rs","line_number":288}
{"timestamp":"2026-06-28T12:25:56.094855Z","level":"INFO","fields":{"message":"Request Success: s3::get_range api call succeeded (request id 01KW73325DQGMG0KJE52GBV3RM)."},"filename":"D:\\a\\xet-core\\xet-core\\xet_client\\src\\cas_client\\retry_wrapper.rs","line_number":196}
{"timestamp":"2026-06-28T12:25:57.593663Z","level":"INFO","fields":{"message":"Concurrency control for download: Increased concurrency from 15 to 16; reason: success ratio 1.000 is above threshold 0.800 and predicted RTT for 61MB at new concurrency is 57.31s < target 60.0s"},"filename":"D:\\a\\xet-core\\xet-core\\xet_client\\src\\cas_client\\adaptive_concurrency\\controller.rs","line_number":543}
{"timestamp":"2026-06-28T12:25:57.593715Z","level":"INFO","fields":{"message":"Retry strategy","max_attempts":5,"base_delay":"3s","no_retry_on_429":false},"filename":"D:\\a\\xet-core\\xet-core\\xet_client\\src\\cas_client\\retry_wrapper.rs","line_number":235}
{"timestamp":"2026-06-28T12:25:58.022660Z","level":"INFO","fields":{"message":"Retry strategy","max_attempts":5,"base_delay":"3s","no_retry_on_429":false},"filename":"D:\\a\\xet-core\\xet-core\\xet_client\\src\\cas_client\\retry_wrapper.rs","line_number":235}
{"timestamp":"2026-06-28T12:25:58.453042Z","level":"INFO","fields":{"message":"Retry strategy","max_attempts":5,"base_delay":"3s","no_retry_on_429":false},"filename":"D:\\a\\xet-core\\xet-core\\xet_client\\src\\cas_client\\retry_wrapper.rs","line_number":235}
{"timestamp":"2026-06-28T12:25:58.914015Z","level":"INFO","fields":{"message":"Received CAS response","request_id":"01KW7335C2717WFB2CAPPRJWB5","status_code":206},"filename":"D:\\a\\xet-core\\xet-core\\xet_client\\src\\common\\http_client.rs","line_number":288}
{"timestamp":"2026-06-28T12:25:58.914059Z","level":"INFO","fields":{"message":"Request Success: s3::get_range api call succeeded (request id 01KW7335C2717WFB2CAPPRJWB5)."},"filename":"D:\\a\\xet-core\\xet-core\\xet_client\\src\\cas_client\\retry_wrapper.rs","line_number":196}
{"timestamp":"2026-06-28T12:25:59.436152Z","level":"INFO","fields":{"message":"Received CAS response","request_id":"01KW7335T6J76Y84DBD9W0GTX9","status_code":206},"filename":"D:\\a\\xet-core\\xet-core\\xet_client\\src\\common\\http_client.rs","line_number":288}
{"timestamp":"2026-06-28T12:25:59.436201Z","level":"INFO","fields":{"message":"Request Success: s3::get_range api call succeeded (request id 01KW7335T6J76Y84DBD9W0GTX9)."},"filename":"D:\\a\\xet-core\\xet-core\\xet_client\\src\\cas_client\\retry_wrapper.rs","line_number":196}
{"timestamp":"2026-06-28T12:25:59.637976Z","level":"INFO","fields":{"message":"Concurrency control for download: Increased concurrency from 16 to 17; reason: success ratio 1.000 is above threshold 0.800 and predicted RTT for 61MB at new concurrency is 40.63s < target 60.0s"},"filename":"D:\\a\\xet-core\\xet-core\\xet_client\\src\\cas_client\\adaptive_concurrency\\controller.rs","line_number":543}
{"timestamp":"2026-06-28T12:25:59.638111Z","level":"INFO","fields":{"message":"Retry strategy","max_attempts":5,"base_delay":"3s","no_retry_on_429":false},"filename":"D:\\a\\xet-core\\xet-core\\xet_client\\src\\cas_client\\retry_wrapper.rs","line_number":235}
{"timestamp":"2026-06-28T12:25:59.638529Z","level":"INFO","fields":{"message":"Retry strategy","max_attempts":5,"base_delay":"3s","no_retry_on_429":false},"filename":"D:\\a\\xet-core\\xet-core\\xet_client\\src\\cas_client\\retry_wrapper.rs","line_number":235}
{"timestamp":"2026-06-28T12:25:59.849806Z","level":"INFO","fields":{"message":"Received CAS response","request_id":"01KW7336177R4X9TYWKQNDBER9","status_code":206},"filename":"D:\\a\\xet-core\\xet-core\\xet_client\\src\\common\\http_client.rs","line_number":288}
{"timestamp":"2026-06-28T12:25:59.849839Z","level":"INFO","fields":{"message":"Request Success: s3::get_range api call succeeded (request id 01KW7336177R4X9TYWKQNDBER9)."},"filename":"D:\\a\\xet-core\\xet-core\\xet_client\\src\\cas_client\\retry_wrapper.rs","line_number":196}
{"timestamp":"2026-06-28T12:26:00.152400Z","level":"INFO","fields":{"message":"Concurrency control for download: Increased concurrency from 17 to 18; reason: success ratio 1.000 is above threshold 0.800 and predicted RTT for 61MB at new concurrency is 46.53s < target 60.0s"},"filename":"D:\\a\\xet-core\\xet-core\\xet_client\\src\\cas_client\\adaptive_concurrency\\controller.rs","line_number":543}
{"timestamp":"2026-06-28T12:26:00.152462Z","level":"INFO","fields":{"message":"Retry strategy","max_attempts":5,"base_delay":"3s","no_retry_on_429":false},"filename":"D:\\a\\xet-core\\xet-core\\xet_client\\src\\cas_client\\retry_wrapper.rs","line_number":235}
{"timestamp":"2026-06-28T12:26:00.380388Z","level":"INFO","fields":{"message":"Concurrency control for download: Current concurrency = 18; predicted bandwidth = 990532; success_ratio = 1.000; reference_size = 61.0MB; observed bytes sent so far = 504620441; completed transmissions = 20"},"filename":"D:\\a\\xet-core\\xet-core\\xet_client\\src\\cas_client\\adaptive_concurrency\\controller.rs","line_number":597}
{"timestamp":"2026-06-28T12:26:00.652854Z","level":"INFO","fields":{"message":"Concurrency control for download: Increased concurrency from 18 to 19; reason: success ratio 1.000 is above threshold 0.800 and predicted RTT for 61MB at new concurrency is 52.20s < target 60.0s"},"filename":"D:\\a\\xet-core\\xet-core\\xet_client\\src\\cas_client\\adaptive_concurrency\\controller.rs","line_number":543}
{"timestamp":"2026-06-28T12:26:00.652912Z","level":"INFO","fields":{"message":"Retry strategy","max_attempts":5,"base_delay":"3s","no_retry_on_429":false},"filename":"D:\\a\\xet-core\\xet-core\\xet_client\\src\\cas_client\\retry_wrapper.rs","line_number":235}
{"timestamp":"2026-06-28T12:26:00.715323Z","level":"INFO","fields":{"message":"Received CAS response","request_id":"01KW7336RQAJ62MNJ6T8HF9RHK","status_code":206},"filename":"D:\\a\\xet-core\\xet-core\\xet_client\\src\\common\\http_client.rs","line_number":288}
{"timestamp":"2026-06-28T12:26:00.715364Z","level":"INFO","fields":{"message":"Request Success: s3::get_range api call succeeded (request id 01KW7336RQAJ62MNJ6T8HF9RHK)."},"filename":"D:\\a\\xet-core\\xet-core\\xet_client\\src\\cas_client\\retry_wrapper.rs","line_number":196}
{"timestamp":"2026-06-28T12:26:01.369372Z","level":"INFO","fields":{"message":"Concurrency control for download: Increased concurrency from 19 to 20; reason: success ratio 1.000 is above threshold 0.800 and predicted RTT for 61MB at new concurrency is 54.28s < target 60.0s"},"filename":"D:\\a\\xet-core\\xet-core\\xet_client\\src\\cas_client\\adaptive_concurrency\\controller.rs","line_number":543}
{"timestamp":"2026-06-28T12:26:01.369435Z","level":"INFO","fields":{"message":"Retry strategy","max_attempts":5,"base_delay":"3s","no_retry_on_429":false},"filename":"D:\\a\\xet-core\\xet-core\\xet_client\\src\\cas_client\\retry_wrapper.rs","line_number":235}
{"timestamp":"2026-06-28T12:26:01.876311Z","level":"INFO","fields":{"message":"Concurrency control for download: Increased concurrency from 20 to 21; reason: success ratio 1.000 is above threshold 0.800 and predicted RTT for 61MB at new concurrency is 58.72s < target 60.0s"},"filename":"D:\\a\\xet-core\\xet-core\\xet_client\\src\\cas_client\\adaptive_concurrency\\controller.rs","line_number":543}
{"timestamp":"2026-06-28T12:26:01.876445Z","level":"INFO","fields":{"message":"Retry strategy","max_attempts":5,"base_delay":"3s","no_retry_on_429":false},"filename":"D:\\a\\xet-core\\xet-core\\xet_client\\src\\cas_client\\retry_wrapper.rs","line_number":235}
{"timestamp":"2026-06-28T12:26:04.556834Z","level":"INFO","fields":{"message":"Retry strategy","max_attempts":5,"base_delay":"3s","no_retry_on_429":false},"filename":"D:\\a\\xet-core\\xet-core\\xet_client\\src\\cas_client\\retry_wrapper.rs","line_number":235}
{"timestamp":"2026-06-28T12:26:05.059367Z","level":"INFO","fields":{"message":"Received CAS response","request_id":"01KW733BQB0K91AAH0AVS2E8EV","status_code":206},"filename":"D:\\a\\xet-core\\xet-core\\xet_client\\src\\common\\http_client.rs","line_number":288}
{"timestamp":"2026-06-28T12:26:05.059390Z","level":"INFO","fields":{"message":"Request Success: s3::get_range api call succeeded (request id 01KW733BQB0K91AAH0AVS2E8EV)."},"filename":"D:\\a\\xet-core\\xet-core\\xet_client\\src\\cas_client\\retry_wrapper.rs","line_number":196}
{"timestamp":"2026-06-28T12:26:05.223045Z","level":"INFO","fields":{"message":"Received CAS response","request_id":"01KW733BW9EQ86Q1PZGPM96Y7P","status_code":206},"filename":"D:\\a\\xet-core\\xet-core\\xet_client\\src\\common\\http_client.rs","line_number":288}
{"timestamp":"2026-06-28T12:26:05.223085Z","level":"INFO","fields":{"message":"Request Success: s3::get_range api call succeeded (request id 01KW733BW9EQ86Q1PZGPM96Y7P)."},"filename":"D:\\a\\xet-core\\xet-core\\xet_client\\src\\cas_client\\retry_wrapper.rs","line_number":196}
{"timestamp":"2026-06-28T12:26:05.223342Z","level":"INFO","fields":{"message":"Received CAS response","request_id":"01KW733BW9EC44J88ZA1K4MD2C","status_code":206},"filename":"D:\\a\\xet-core\\xet-core\\xet_client\\src\\common\\http_client.rs","line_number":288}
{"timestamp":"2026-06-28T12:26:05.223360Z","level":"INFO","fields":{"message":"Request Success: s3::get_range api call succeeded (request id 01KW733BW9EC44J88ZA1K4MD2C)."},"filename":"D:\\a\\xet-core\\xet-core\\xet_client\\src\\cas_client\\retry_wrapper.rs","line_number":196}
{"timestamp":"2026-06-28T12:26:05.223370Z","level":"INFO","fields":{"message":"Received CAS response","request_id":"01KW733BW222NHFJR436AF9HVE","status_code":206},"filename":"D:\\a\\xet-core\\xet-core\\xet_client\\src\\common\\http_client.rs","line_number":288}
{"timestamp":"2026-06-28T12:26:05.223386Z","level":"INFO","fields":{"message":"Request Success: s3::get_range api call succeeded (request id 01KW733BW222NHFJR436AF9HVE)."},"filename":"D:\\a\\xet-core\\xet-core\\xet_client\\src\\cas_client\\retry_wrapper.rs","line_number":196}
{"timestamp":"2026-06-28T12:26:05.223662Z","level":"INFO","fields":{"message":"Received CAS response","request_id":"01KW733BWJKEQEEZJRNQGH6D4R","status_code":206},"filename":"D:\\a\\xet-core\\xet-core\\xet_client\\src\\common\\http_client.rs","line_number":288}
{"timestamp":"2026-06-28T12:26:05.223678Z","level":"INFO","fields":{"message":"Request Success: s3::get_range api call succeeded (request id 01KW733BWJKEQEEZJRNQGH6D4R)."},"filename":"D:\\a\\xet-core\\xet-core\\xet_client\\src\\cas_client\\retry_wrapper.rs","line_number":196}
{"timestamp":"2026-06-28T12:26:05.222077Z","level":"INFO","fields":{"message":"Received CAS response","request_id":"01KW733BW5MME1GJ9KXCYF3VVE","status_code":206},"filename":"D:\\a\\xet-core\\xet-core\\xet_client\\src\\common\\http_client.rs","line_number":288}
{"timestamp":"2026-06-28T12:26:05.260231Z","level":"INFO","fields":{"message":"Request Success: s3::get_range api call succeeded (request id 01KW733BW5MME1GJ9KXCYF3VVE)."},"filename":"D:\\a\\xet-core\\xet-core\\xet_client\\src\\cas_client\\retry_wrapper.rs","line_number":196}
{"timestamp":"2026-06-28T12:26:07.472413Z","level":"INFO","fields":{"message":"Retry strategy","max_attempts":5,"base_delay":"3s","no_retry_on_429":false},"filename":"D:\\a\\xet-core\\xet-core\\xet_client\\src\\cas_client\\retry_wrapper.rs","line_number":235}
{"timestamp":"2026-06-28T12:26:07.742725Z","level":"INFO","fields":{"message":"Retry strategy","max_attempts":5,"base_delay":"3s","no_retry_on_429":false},"filename":"D:\\a\\xet-core\\xet-core\\xet_client\\src\\cas_client\\retry_wrapper.rs","line_number":235}
{"timestamp":"2026-06-28T12:26:07.799428Z","level":"INFO","fields":{"message":"Received CAS response","request_id":"01KW733E681WEEDWHA23Z3R97X","status_code":206},"filename":"D:\\a\\xet-core\\xet-core\\xet_client\\src\\common\\http_client.rs","line_number":288}
{"timestamp":"2026-06-28T12:26:07.799455Z","level":"INFO","fields":{"message":"Request Success: s3::get_range api call succeeded (request id 01KW733E681WEEDWHA23Z3R97X)."},"filename":"D:\\a\\xet-core\\xet-core\\xet_client\\src\\cas_client\\retry_wrapper.rs","line_number":196}
{"timestamp":"2026-06-28T12:26:08.125589Z","level":"INFO","fields":{"message":"Concurrency control for download: Increased concurrency from 21 to 22; reason: success ratio 1.000 is above threshold 0.800 and predicted RTT for 61MB at new concurrency is 50.11s < target 60.0s"},"filename":"D:\\a\\xet-core\\xet-core\\xet_client\\src\\cas_client\\adaptive_concurrency\\controller.rs","line_number":543}
{"timestamp":"2026-06-28T12:26:08.125644Z","level":"INFO","fields":{"message":"Retry strategy","max_attempts":5,"base_delay":"3s","no_retry_on_429":false},"filename":"D:\\a\\xet-core\\xet-core\\xet_client\\src\\cas_client\\retry_wrapper.rs","line_number":235}
{"timestamp":"2026-06-28T12:26:08.125757Z","level":"INFO","fields":{"message":"Retry strategy","max_attempts":5,"base_delay":"3s","no_retry_on_429":false},"filename":"D:\\a\\xet-core\\xet-core\\xet_client\\src\\cas_client\\retry_wrapper.rs","line_number":235}
{"timestamp":"2026-06-28T12:26:08.128925Z","level":"INFO","fields":{"message":"Received CAS response","request_id":"01KW733EFPXAACYP90XQ3AME6B","status_code":206},"filename":"D:\\a\\xet-core\\xet-core\\xet_client\\src\\common\\http_client.rs","line_number":288}
{"timestamp":"2026-06-28T12:26:08.128948Z","level":"INFO","fields":{"message":"Request Success: s3::get_range api call succeeded (request id 01KW733EFPXAACYP90XQ3AME6B)."},"filename":"D:\\a\\xet-core\\xet-core\\xet_client\\src\\cas_client\\retry_wrapper.rs","line_number":196}
{"timestamp":"2026-06-28T12:26:08.221057Z","level":"INFO","fields":{"message":"Retry strategy","max_attempts":5,"base_delay":"3s","no_retry_on_429":false},"filename":"D:\\a\\xet-core\\xet-core\\xet_client\\src\\cas_client\\retry_wrapper.rs","line_number":235}
{"timestamp":"2026-06-28T12:26:08.449623Z","level":"INFO","fields":{"message":"Received CAS response","request_id":"01KW733EVA07ZFVFEFJSS8XTPH","status_code":206},"filename":"D:\\a\\xet-core\\xet-core\\xet_client\\src\\common\\http_client.rs","line_number":288}
{"timestamp":"2026-06-28T12:26:08.449654Z","level":"INFO","fields":{"message":"Request Success: s3::get_range api call succeeded (request id 01KW733EVA07ZFVFEFJSS8XTPH)."},"filename":"D:\\a\\xet-core\\xet-core\\xet_client\\src\\cas_client\\retry_wrapper.rs","line_number":196}
{"timestamp":"2026-06-28T12:26:08.451839Z","level":"INFO","fields":{"message":"Received CAS response","request_id":"01KW733EVKCP5ZGR79VS16EJNJ","status_code":206},"filename":"D:\\a\\xet-core\\xet-core\\xet_client\\src\\common\\http_client.rs","line_number":288}
{"timestamp":"2026-06-28T12:26:08.451880Z","level":"INFO","fields":{"message":"Request Success: s3::get_range api call succeeded (request id 01KW733EVKCP5ZGR79VS16EJNJ)."},"filename":"D:\\a\\xet-core\\xet-core\\xet_client\\src\\cas_client\\retry_wrapper.rs","line_number":196}
{"timestamp":"2026-06-28T12:26:08.532215Z","level":"INFO","fields":{"message":"Received CAS response","request_id":"01KW733EXZ3FNMPTYE6YDE06PV","status_code":206},"filename":"D:\\a\\xet-core\\xet-core\\xet_client\\src\\common\\http_client.rs","line_number":288}
{"timestamp":"2026-06-28T12:26:08.532238Z","level":"INFO","fields":{"message":"Request Success: s3::get_range api call succeeded (request id 01KW733EXZ3FNMPTYE6YDE06PV)."},"filename":"D:\\a\\xet-core\\xet-core\\xet_client\\src\\cas_client\\retry_wrapper.rs","line_number":196}
{"timestamp":"2026-06-28T12:26:08.647686Z","level":"INFO","fields":{"message":"Concurrency control for download: Increased concurrency from 22 to 23; reason: success ratio 1.000 is above threshold 0.800 and predicted RTT for 61MB at new concurrency is 53.98s < target 60.0s"},"filename":"D:\\a\\xet-core\\xet-core\\xet_client\\src\\cas_client\\adaptive_concurrency\\controller.rs","line_number":543}
{"timestamp":"2026-06-28T12:26:08.647735Z","level":"INFO","fields":{"message":"Retry strategy","max_attempts":5,"base_delay":"3s","no_retry_on_429":false},"filename":"D:\\a\\xet-core\\xet-core\\xet_client\\src\\cas_client\\retry_wrapper.rs","line_number":235}
{"timestamp":"2026-06-28T12:26:09.177593Z","level":"INFO","fields":{"message":"Concurrency control for download: Increased concurrency from 23 to 24; reason: success ratio 1.000 is above threshold 0.800 and predicted RTT for 61MB at new concurrency is 56.41s < target 60.0s"},"filename":"D:\\a\\xet-core\\xet-core\\xet_client\\src\\cas_client\\adaptive_concurrency\\controller.rs","line_number":543}
{"timestamp":"2026-06-28T12:26:09.177848Z","level":"INFO","fields":{"message":"Retry strategy","max_attempts":5,"base_delay":"3s","no_retry_on_429":false},"filename":"D:\\a\\xet-core\\xet-core\\xet_client\\src\\cas_client\\retry_wrapper.rs","line_number":235}
{"timestamp":"2026-06-28T12:26:09.341497Z","level":"INFO","fields":{"message":"Retry strategy","max_attempts":5,"base_delay":"3s","no_retry_on_429":false},"filename":"D:\\a\\xet-core\\xet-core\\xet_client\\src\\cas_client\\retry_wrapper.rs","line_number":235}
{"timestamp":"2026-06-28T12:26:09.690208Z","level":"INFO","fields":{"message":"Concurrency control for download: Increased concurrency from 24 to 25; reason: success ratio 1.000 is above threshold 0.800 and predicted RTT for 61MB at new concurrency is 52.30s < target 60.0s"},"filename":"D:\\a\\xet-core\\xet-core\\xet_client\\src\\cas_client\\adaptive_concurrency\\controller.rs","line_number":543}
{"timestamp":"2026-06-28T12:26:09.690264Z","level":"INFO","fields":{"message":"Retry strategy","max_attempts":5,"base_delay":"3s","no_retry_on_429":false},"filename":"D:\\a\\xet-core\\xet-core\\xet_client\\src\\cas_client\\retry_wrapper.rs","line_number":235}
{"timestamp":"2026-06-28T12:26:09.713150Z","level":"INFO","fields":{"message":"Received CAS response","request_id":"01KW733G1643PW17BQ0Z7S30WC","status_code":206},"filename":"D:\\a\\xet-core\\xet-core\\xet_client\\src\\common\\http_client.rs","line_number":288}
{"timestamp":"2026-06-28T12:26:09.713184Z","level":"INFO","fields":{"message":"Request Success: s3::get_range api call succeeded (request id 01KW733G1643PW17BQ0Z7S30WC)."},"filename":"D:\\a\\xet-core\\xet-core\\xet_client\\src\\cas_client\\retry_wrapper.rs","line_number":196}
{"timestamp":"2026-06-28T12:26:09.790526Z","level":"INFO","fields":{"message":"Received CAS response","request_id":"01KW733G40TMW9J9NQB8XDK0N8","status_code":206},"filename":"D:\\a\\xet-core\\xet-core\\xet_client\\src\\common\\http_client.rs","line_number":288}
{"timestamp":"2026-06-28T12:26:09.790550Z","level":"INFO","fields":{"message":"Request Success: s3::get_range api call succeeded (request id 01KW733G40TMW9J9NQB8XDK0N8)."},"filename":"D:\\a\\xet-core\\xet-core\\xet_client\\src\\cas_client\\retry_wrapper.rs","line_number":196}
{"timestamp":"2026-06-28T12:26:10.194568Z","level":"INFO","fields":{"message":"Concurrency control for download: Increased concurrency from 25 to 26; reason: success ratio 1.000 is above threshold 0.800 and predicted RTT for 61MB at new concurrency is 55.15s < target 60.0s"},"filename":"D:\\a\\xet-core\\xet-core\\xet_client\\src\\cas_client\\adaptive_concurrency\\controller.rs","line_number":543}
{"timestamp":"2026-06-28T12:26:10.194696Z","level":"INFO","fields":{"message":"Retry strategy","max_attempts":5,"base_delay":"3s","no_retry_on_429":false},"filename":"D:\\a\\xet-core\\xet-core\\xet_client\\src\\cas_client\\retry_wrapper.rs","line_number":235}
{"timestamp":"2026-06-28T12:26:10.307352Z","level":"INFO","fields":{"message":"Received CAS response","request_id":"01KW733GKJWAY7DPHJ72CTB5WN","status_code":206},"filename":"D:\\a\\xet-core\\xet-core\\xet_client\\src\\common\\http_client.rs","line_number":288}
{"timestamp":"2026-06-28T12:26:10.307379Z","level":"INFO","fields":{"message":"Request Success: s3::get_range api call succeeded (request id 01KW733GKJWAY7DPHJ72CTB5WN)."},"filename":"D:\\a\\xet-core\\xet-core\\xet_client\\src\\cas_client\\retry_wrapper.rs","line_number":196}
{"timestamp":"2026-06-28T12:26:10.353237Z","level":"INFO","fields":{"message":"Retry strategy","max_attempts":5,"base_delay":"3s","no_retry_on_429":false},"filename":"D:\\a\\xet-core\\xet-core\\xet_client\\src\\cas_client\\retry_wrapper.rs","line_number":235}
{"timestamp":"2026-06-28T12:26:10.389144Z","level":"INFO","fields":{"message":"Concurrency control for download: Current concurrency = 26; predicted bandwidth = 988760; success_ratio = 1.000; reference_size = 61.0MB; observed bytes sent so far = 569920196; completed transmissions = 27"},"filename":"D:\\a\\xet-core\\xet-core\\xet_client\\src\\cas_client\\adaptive_concurrency\\controller.rs","line_number":597}
{"timestamp":"2026-06-28T12:26:10.401544Z","level":"INFO","fields":{"message":"Received CAS response","request_id":"01KW733GQGC28R9934JEH01CTF","status_code":206},"filename":"D:\\a\\xet-core\\xet-core\\xet_client\\src\\common\\http_client.rs","line_number":288}
{"timestamp":"2026-06-28T12:26:10.401567Z","level":"INFO","fields":{"message":"Request Success: s3::get_range api call succeeded (request id 01KW733GQGC28R9934JEH01CTF)."},"filename":"D:\\a\\xet-core\\xet-core\\xet_client\\src\\cas_client\\retry_wrapper.rs","line_number":196}
{"timestamp":"2026-06-28T12:26:10.709399Z","level":"INFO","fields":{"message":"Received CAS response","request_id":"01KW733H1HFMDK53EECCNM7C3S","status_code":206},"filename":"D:\\a\\xet-core\\xet-core\\xet_client\\src\\common\\http_client.rs","line_number":288}
{"timestamp":"2026-06-28T12:26:10.709430Z","level":"INFO","fields":{"message":"Request Success: s3::get_range api call succeeded (request id 01KW733H1HFMDK53EECCNM7C3S)."},"filename":"D:\\a\\xet-core\\xet-core\\xet_client\\src\\cas_client\\retry_wrapper.rs","line_number":196}
{"timestamp":"2026-06-28T12:26:10.710231Z","level":"INFO","fields":{"message":"Concurrency control for download: Increased concurrency from 26 to 27; reason: success ratio 1.000 is above threshold 0.800 and predicted RTT for 61MB at new concurrency is 59.73s < target 60.0s"},"filename":"D:\\a\\xet-core\\xet-core\\xet_client\\src\\cas_client\\adaptive_concurrency\\controller.rs","line_number":543}
{"timestamp":"2026-06-28T12:26:10.710273Z","level":"INFO","fields":{"message":"Retry strategy","max_attempts":5,"base_delay":"3s","no_retry_on_429":false},"filename":"D:\\a\\xet-core\\xet-core\\xet_client\\src\\cas_client\\retry_wrapper.rs","line_number":235}
{"timestamp":"2026-06-28T12:26:10.755322Z","level":"INFO","fields":{"message":"Received CAS response","request_id":"01KW733H33Y5NGH6DYGZ4K4682","status_code":206},"filename":"D:\\a\\xet-core\\xet-core\\xet_client\\src\\common\\http_client.rs","line_number":288}
{"timestamp":"2026-06-28T12:26:10.755342Z","level":"INFO","fields":{"message":"Request Success: s3::get_range api call succeeded (request id 01KW733H33Y5NGH6DYGZ4K4682)."},"filename":"D:\\a\\xet-core\\xet-core\\xet_client\\src\\cas_client\\retry_wrapper.rs","line_number":196}
{"timestamp":"2026-06-28T12:26:11.364347Z","level":"INFO","fields":{"message":"Received CAS response","request_id":"01KW733HGJJVF57WGWB4JXB3CJ","status_code":206},"filename":"D:\\a\\xet-core\\xet-core\\xet_client\\src\\common\\http_client.rs","line_number":288}
{"timestamp":"2026-06-28T12:26:11.364374Z","level":"INFO","fields":{"message":"Request Success: s3::get_range api call succeeded (request id 01KW733HGJJVF57WGWB4JXB3CJ)."},"filename":"D:\\a\\xet-core\\xet-core\\xet_client\\src\\cas_client\\retry_wrapper.rs","line_number":196}
{"timestamp":"2026-06-28T12:26:11.904362Z","level":"INFO","fields":{"message":"Concurrency control for download: Decreased concurrency from 27 to 26; reason: success ratio below threshold (connection struggling) (success_ratio = 1.000, threshold = 0.500)"},"filename":"D:\\a\\xet-core\\xet-core\\xet_client\\src\\cas_client\\adaptive_concurrency\\controller.rs","line_number":581}
{"timestamp":"2026-06-28T12:26:12.180962Z","level":"INFO","fields":{"message":"Retry strategy","max_attempts":5,"base_delay":"3s","no_retry_on_429":false},"filename":"D:\\a\\xet-core\\xet-core\\xet_client\\src\\cas_client\\retry_wrapper.rs","line_number":235}
{"timestamp":"2026-06-28T12:26:12.424021Z","level":"INFO","fields":{"message":"Concurrency control for download: Decreased concurrency from 26 to 25; reason: success ratio below threshold (connection struggling) (success_ratio = 1.000, threshold = 0.500)"},"filename":"D:\\a\\xet-core\\xet-core\\xet_client\\src\\cas_client\\adaptive_concurrency\\controller.rs","line_number":581}
{"timestamp":"2026-06-28T12:26:12.702704Z","level":"INFO","fields":{"message":"Received CAS response","request_id":"01KW733JT2SAF2985KMD1X5J9M","status_code":206},"filename":"D:\\a\\xet-core\\xet-core\\xet_client\\src\\common\\http_client.rs","line_number":288}
{"timestamp":"2026-06-28T12:26:12.702926Z","level":"INFO","fields":{"message":"Request Success: s3::get_range api call succeeded (request id 01KW733JT2SAF2985KMD1X5J9M)."},"filename":"D:\\a\\xet-core\\xet-core\\xet_client\\src\\cas_client\\retry_wrapper.rs","line_number":196}
{"timestamp":"2026-06-28T12:26:13.005129Z","level":"INFO","fields":{"message":"Concurrency control for download: Decreased concurrency from 25 to 24; reason: success ratio below threshold (connection struggling) (success_ratio = 1.000, threshold = 0.500)"},"filename":"D:\\a\\xet-core\\xet-core\\xet_client\\src\\cas_client\\adaptive_concurrency\\controller.rs","line_number":581}
{"timestamp":"2026-06-28T12:26:13.510919Z","level":"INFO","fields":{"message":"Concurrency control for download: Decreased concurrency from 24 to 23; reason: success ratio below threshold (connection struggling) (success_ratio = 1.000, threshold = 0.500)"},"filename":"D:\\a\\xet-core\\xet-core\\xet_client\\src\\cas_client\\adaptive_concurrency\\controller.rs","line_number":581}
{"timestamp":"2026-06-28T12:26:14.442524Z","level":"INFO","fields":{"message":"Concurrency control for download: Decreased concurrency from 23 to 22; reason: success ratio below threshold (connection struggling) (success_ratio = 1.000, threshold = 0.500)"},"filename":"D:\\a\\xet-core\\xet-core\\xet_client\\src\\cas_client\\adaptive_concurrency\\controller.rs","line_number":581}
{"timestamp":"2026-06-28T12:26:15.673109Z","level":"INFO","fields":{"message":"Concurrency control for download: Increased concurrency from 22 to 23; reason: success ratio 1.000 is above threshold 0.800 and predicted RTT for 50MB at new concurrency is 27.33s < target 60.0s"},"filename":"D:\\a\\xet-core\\xet-core\\xet_client\\src\\cas_client\\adaptive_concurrency\\controller.rs","line_number":543}
{"timestamp":"2026-06-28T12:26:16.192144Z","level":"INFO","fields":{"message":"Concurrency control for download: Increased concurrency from 23 to 24; reason: success ratio 1.000 is above threshold 0.800 and predicted RTT for 50MB at new concurrency is 30.06s < target 60.0s"},"filename":"D:\\a\\xet-core\\xet-core\\xet_client\\src\\cas_client\\adaptive_concurrency\\controller.rs","line_number":543}
{"timestamp":"2026-06-28T12:26:16.192207Z","level":"INFO","fields":{"message":"Retry strategy","max_attempts":5,"base_delay":"3s","no_retry_on_429":false},"filename":"D:\\a\\xet-core\\xet-core\\xet_client\\src\\cas_client\\retry_wrapper.rs","line_number":235}
{"timestamp":"2026-06-28T12:26:16.495420Z","level":"INFO","fields":{"message":"Retry strategy","max_attempts":5,"base_delay":"3s","no_retry_on_429":false},"filename":"D:\\a\\xet-core\\xet-core\\xet_client\\src\\cas_client\\retry_wrapper.rs","line_number":235}
{"timestamp":"2026-06-28T12:26:16.600298Z","level":"INFO","fields":{"message":"Received CAS response","request_id":"01KW733PQZEP28YC9VVH5JJ9RG","status_code":206},"filename":"D:\\a\\xet-core\\xet-core\\xet_client\\src\\common\\http_client.rs","line_number":288}
{"timestamp":"2026-06-28T12:26:16.600330Z","level":"INFO","fields":{"message":"Request Success: s3::get_range api call succeeded (request id 01KW733PQZEP28YC9VVH5JJ9RG)."},"filename":"D:\\a\\xet-core\\xet-core\\xet_client\\src\\cas_client\\retry_wrapper.rs","line_number":196}
{"timestamp":"2026-06-28T12:26:16.699576Z","level":"INFO","fields":{"message":"Concurrency control for download: Increased concurrency from 24 to 25; reason: success ratio 1.000 is above threshold 0.800 and predicted RTT for 47MB at new concurrency is 27.88s < target 60.0s"},"filename":"D:\\a\\xet-core\\xet-core\\xet_client\\src\\cas_client\\adaptive_concurrency\\controller.rs","line_number":543}
{"timestamp":"2026-06-28T12:26:16.699631Z","level":"INFO","fields":{"message":"Retry strategy","max_attempts":5,"base_delay":"3s","no_retry_on_429":false},"filename":"D:\\a\\xet-core\\xet-core\\xet_client\\src\\cas_client\\retry_wrapper.rs","line_number":235}
{"timestamp":"2026-06-28T12:26:17.058930Z","level":"INFO","fields":{"message":"Retry strategy","max_attempts":5,"base_delay":"3s","no_retry_on_429":false},"filename":"D:\\a\\xet-core\\xet-core\\xet_client\\src\\cas_client\\retry_wrapper.rs","line_number":235}
{"timestamp":"2026-06-28T12:26:17.225325Z","level":"INFO","fields":{"message":"Concurrency control for download: Increased concurrency from 25 to 26; reason: success ratio 1.000 is above threshold 0.800 and predicted RTT for 46MB at new concurrency is 31.35s < target 60.0s"},"filename":"D:\\a\\xet-core\\xet-core\\xet_client\\src\\cas_client\\adaptive_concurrency\\controller.rs","line_number":543}
{"timestamp":"2026-06-28T12:26:17.225389Z","level":"INFO","fields":{"message":"Retry strategy","max_attempts":5,"base_delay":"3s","no_retry_on_429":false},"filename":"D:\\a\\xet-core\\xet-core\\xet_client\\src\\cas_client\\retry_wrapper.rs","line_number":235}
{"timestamp":"2026-06-28T12:26:17.381868Z","level":"INFO","fields":{"message":"Received CAS response","request_id":"01KW733Q0K9GYRHFKMQH1J5YXK","status_code":206},"filename":"D:\\a\\xet-core\\xet-core\\xet_client\\src\\common\\http_client.rs","line_number":288}
{"timestamp":"2026-06-28T12:26:17.381901Z","level":"INFO","fields":{"message":"Request Success: s3::get_range api call succeeded (request id 01KW733Q0K9GYRHFKMQH1J5YXK)."},"filename":"D:\\a\\xet-core\\xet-core\\xet_client\\src\\cas_client\\retry_wrapper.rs","line_number":196}
{"timestamp":"2026-06-28T12:26:17.731229Z","level":"INFO","fields":{"message":"Received CAS response","request_id":"01KW733Q79HJWZCR4FVY5PST2J","status_code":206},"filename":"D:\\a\\xet-core\\xet-core\\xet_client\\src\\common\\http_client.rs","line_number":288}
{"timestamp":"2026-06-28T12:26:17.731257Z","level":"INFO","fields":{"message":"Request Success: s3::get_range api call succeeded (request id 01KW733Q79HJWZCR4FVY5PST2J)."},"filename":"D:\\a\\xet-core\\xet-core\\xet_client\\src\\cas_client\\retry_wrapper.rs","line_number":196}
{"timestamp":"2026-06-28T12:26:17.747311Z","level":"INFO","fields":{"message":"Concurrency control for download: Increased concurrency from 26 to 27; reason: success ratio 1.000 is above threshold 0.800 and predicted RTT for 46MB at new concurrency is 39.89s < target 60.0s"},"filename":"D:\\a\\xet-core\\xet-core\\xet_client\\src\\cas_client\\adaptive_concurrency\\controller.rs","line_number":543}
{"timestamp":"2026-06-28T12:26:17.747357Z","level":"INFO","fields":{"message":"Retry strategy","max_attempts":5,"base_delay":"3s","no_retry_on_429":false},"filename":"D:\\a\\xet-core\\xet-core\\xet_client\\src\\cas_client\\retry_wrapper.rs","line_number":235}
{"timestamp":"2026-06-28T12:26:17.960020Z","level":"INFO","fields":{"message":"Retry strategy","max_attempts":5,"base_delay":"3s","no_retry_on_429":false},"filename":"D:\\a\\xet-core\\xet-core\\xet_client\\src\\cas_client\\retry_wrapper.rs","line_number":235}
{"timestamp":"2026-06-28T12:26:17.964054Z","level":"INFO","fields":{"message":"Received CAS response","request_id":"01KW733QHZNXJSAPCXYFHM6SA6","status_code":206},"filename":"D:\\a\\xet-core\\xet-core\\xet_client\\src\\common\\http_client.rs","line_number":288}
{"timestamp":"2026-06-28T12:26:17.964072Z","level":"INFO","fields":{"message":"Request Success: s3::get_range api call succeeded (request id 01KW733QHZNXJSAPCXYFHM6SA6)."},"filename":"D:\\a\\xet-core\\xet-core\\xet_client\\src\\cas_client\\retry_wrapper.rs","line_number":196}
{"timestamp":"2026-06-28T12:26:18.253342Z","level":"INFO","fields":{"message":"Received CAS response","request_id":"01KW733QQ2TDJQZERA2K68CBQH","status_code":206},"filename":"D:\\a\\xet-core\\xet-core\\xet_client\\src\\common\\http_client.rs","line_number":288}
{"timestamp":"2026-06-28T12:26:18.253379Z","level":"INFO","fields":{"message":"Request Success: s3::get_range api call succeeded (request id 01KW733QQ2TDJQZERA2K68CBQH)."},"filename":"D:\\a\\xet-core\\xet-core\\xet_client\\src\\cas_client\\retry_wrapper.rs","line_number":196}
{"timestamp":"2026-06-28T12:26:18.268396Z","level":"INFO","fields":{"message":"Concurrency control for download: Increased concurrency from 27 to 28; reason: success ratio 1.000 is above threshold 0.800 and predicted RTT for 44MB at new concurrency is 46.07s < target 60.0s"},"filename":"D:\\a\\xet-core\\xet-core\\xet_client\\src\\cas_client\\adaptive_concurrency\\controller.rs","line_number":543}
{"timestamp":"2026-06-28T12:26:18.268451Z","level":"INFO","fields":{"message":"Retry strategy","max_attempts":5,"base_delay":"3s","no_retry_on_429":false},"filename":"D:\\a\\xet-core\\xet-core\\xet_client\\src\\cas_client\\retry_wrapper.rs","line_number":235}
{"timestamp":"2026-06-28T12:26:18.659928Z","level":"INFO","fields":{"message":"Received CAS response","request_id":"01KW733R7S8WG7WFCFFRVAPK54","status_code":206},"filename":"D:\\a\\xet-core\\xet-core\\xet_client\\src\\common\\http_client.rs","line_number":288}
{"timestamp":"2026-06-28T12:26:18.659955Z","level":"INFO","fields":{"message":"Request Success: s3::get_range api call succeeded (request id 01KW733R7S8WG7WFCFFRVAPK54)."},"filename":"D:\\a\\xet-core\\xet-core\\xet_client\\src\\cas_client\\retry_wrapper.rs","line_number":196}
{"timestamp":"2026-06-28T12:26:18.766834Z","level":"INFO","fields":{"message":"Retry strategy","max_attempts":5,"base_delay":"3s","no_retry_on_429":false},"filename":"D:\\a\\xet-core\\xet-core\\xet_client\\src\\cas_client\\retry_wrapper.rs","line_number":235}
{"timestamp":"2026-06-28T12:26:18.803698Z","level":"INFO","fields":{"message":"Concurrency control for download: Increased concurrency from 28 to 29; reason: success ratio 1.000 is above threshold 0.800 and predicted RTT for 47MB at new concurrency is 56.81s < target 60.0s"},"filename":"D:\\a\\xet-core\\xet-core\\xet_client\\src\\cas_client\\adaptive_concurrency\\controller.rs","line_number":543}
{"timestamp":"2026-06-28T12:26:18.803754Z","level":"INFO","fields":{"message":"Retry strategy","max_attempts":5,"base_delay":"3s","no_retry_on_429":false},"filename":"D:\\a\\xet-core\\xet-core\\xet_client\\src\\cas_client\\retry_wrapper.rs","line_number":235}
{"timestamp":"2026-06-28T12:26:18.829457Z","level":"INFO","fields":{"message":"Received CAS response","request_id":"01KW733RF073JYS3GHTEBKE9Q0","status_code":206},"filename":"D:\\a\\xet-core\\xet-core\\xet_client\\src\\common\\http_client.rs","line_number":288}
{"timestamp":"2026-06-28T12:26:18.829484Z","level":"INFO","fields":{"message":"Request Success: s3::get_range api call succeeded (request id 01KW733RF073JYS3GHTEBKE9Q0)."},"filename":"D:\\a\\xet-core\\xet-core\\xet_client\\src\\cas_client\\retry_wrapper.rs","line_number":196}
{"timestamp":"2026-06-28T12:26:19.052934Z","level":"INFO","fields":{"message":"Retry strategy","max_attempts":5,"base_delay":"3s","no_retry_on_429":false},"filename":"D:\\a\\xet-core\\xet-core\\xet_client\\src\\cas_client\\retry_wrapper.rs","line_number":235}
{"timestamp":"2026-06-28T12:26:19.239938Z","level":"INFO","fields":{"message":"Received CAS response","request_id":"01KW733RTFFNJVPZTBNB6QEZN3","status_code":206},"filename":"D:\\a\\xet-core\\xet-core\\xet_client\\src\\common\\http_client.rs","line_number":288}
{"timestamp":"2026-06-28T12:26:19.240020Z","level":"INFO","fields":{"message":"Request Success: s3::get_range api call succeeded (request id 01KW733RTFFNJVPZTBNB6QEZN3)."},"filename":"D:\\a\\xet-core\\xet-core\\xet_client\\src\\cas_client\\retry_wrapper.rs","line_number":196}
{"timestamp":"2026-06-28T12:26:19.450569Z","level":"INFO","fields":{"message":"Concurrency control for download: Decreased concurrency from 29 to 28; reason: success ratio below threshold (connection struggling) (success_ratio = 1.000, threshold = 0.500)"},"filename":"D:\\a\\xet-core\\xet-core\\xet_client\\src\\cas_client\\adaptive_concurrency\\controller.rs","line_number":581}
{"timestamp":"2026-06-28T12:26:19.655854Z","level":"INFO","fields":{"message":"Received CAS response","request_id":"01KW733S7PP8BA4JZ8XJRM9E9Q","status_code":206},"filename":"D:\\a\\xet-core\\xet-core\\xet_client\\src\\common\\http_client.rs","line_number":288}
{"timestamp":"2026-06-28T12:26:19.655897Z","level":"INFO","fields":{"message":"Request Success: s3::get_range api call succeeded (request id 01KW733S7PP8BA4JZ8XJRM9E9Q)."},"filename":"D:\\a\\xet-core\\xet-core\\xet_client\\src\\cas_client\\retry_wrapper.rs","line_number":196}
{"timestamp":"2026-06-28T12:26:19.728648Z","level":"INFO","fields":{"message":"Received CAS response","request_id":"01KW733SA1ZH0S2804MX8VBFGZ","status_code":206},"filename":"D:\\a\\xet-core\\xet-core\\xet_client\\src\\common\\http_client.rs","line_number":288}
{"timestamp":"2026-06-28T12:26:19.728676Z","level":"INFO","fields":{"message":"Request Success: s3::get_range api call succeeded (request id 01KW733SA1ZH0S2804MX8VBFGZ)."},"filename":"D:\\a\\xet-core\\xet-core\\xet_client\\src\\cas_client\\retry_wrapper.rs","line_number":196}
{"timestamp":"2026-06-28T12:26:19.959328Z","level":"INFO","fields":{"message":"Received CAS response","request_id":"01KW733SJZR72Q7YMVA0F2ABAC","status_code":206},"filename":"D:\\a\\xet-core\\xet-core\\xet_client\\src\\common\\http_client.rs","line_number":288}
{"timestamp":"2026-06-28T12:26:19.959354Z","level":"INFO","fields":{"message":"Request Success: s3::get_range api call succeeded (request id 01KW733SJZR72Q7YMVA0F2ABAC)."},"filename":"D:\\a\\xet-core\\xet-core\\xet_client\\src\\cas_client\\retry_wrapper.rs","line_number":196}
{"timestamp":"2026-06-28T12:26:20.427651Z","level":"INFO","fields":{"message":"Concurrency control for download: Current concurrency = 28; predicted bandwidth = 12494525; success_ratio = 1.000; reference_size = 44.6MB; observed bytes sent so far = 634798665; completed transmissions = 37"},"filename":"D:\\a\\xet-core\\xet-core\\xet_client\\src\\cas_client\\adaptive_concurrency\\controller.rs","line_number":597}
{"timestamp":"2026-06-28T12:26:20.835350Z","level":"INFO","fields":{"message":"Concurrency control for download: Increased concurrency from 28 to 29; reason: success ratio 1.000 is above threshold 0.800 and predicted RTT for 41MB at new concurrency is 34.68s < target 60.0s"},"filename":"D:\\a\\xet-core\\xet-core\\xet_client\\src\\cas_client\\adaptive_concurrency\\controller.rs","line_number":543}
{"timestamp":"2026-06-28T12:26:20.835446Z","level":"INFO","fields":{"message":"Retry strategy","max_attempts":5,"base_delay":"3s","no_retry_on_429":false},"filename":"D:\\a\\xet-core\\xet-core\\xet_client\\src\\cas_client\\retry_wrapper.rs","line_number":235}
{"timestamp":"2026-06-28T12:26:20.835607Z","level":"INFO","fields":{"message":"Retry strategy","max_attempts":5,"base_delay":"3s","no_retry_on_429":false},"filename":"D:\\a\\xet-core\\xet-core\\xet_client\\src\\cas_client\\retry_wrapper.rs","line_number":235}
{"timestamp":"2026-06-28T12:26:21.349449Z","level":"INFO","fields":{"message":"Concurrency control for download: Increased concurrency from 29 to 30; reason: success ratio 1.000 is above threshold 0.800 and predicted RTT for 41MB at new concurrency is 39.12s < target 60.0s"},"filename":"D:\\a\\xet-core\\xet-core\\xet_client\\src\\cas_client\\adaptive_concurrency\\controller.rs","line_number":543}
{"timestamp":"2026-06-28T12:26:21.349512Z","level":"INFO","fields":{"message":"Retry strategy","max_attempts":5,"base_delay":"3s","no_retry_on_429":false},"filename":"D:\\a\\xet-core\\xet-core\\xet_client\\src\\cas_client\\retry_wrapper.rs","line_number":235}
{"timestamp":"2026-06-28T12:26:21.706547Z","level":"INFO","fields":{"message":"Received CAS response","request_id":"01KW733V9VE4VZMNR7RX32YPF3","status_code":206},"filename":"D:\\a\\xet-core\\xet-core\\xet_client\\src\\common\\http_client.rs","line_number":288}
{"timestamp":"2026-06-28T12:26:21.706586Z","level":"INFO","fields":{"message":"Request Success: s3::get_range api call succeeded (request id 01KW733V9VE4VZMNR7RX32YPF3)."},"filename":"D:\\a\\xet-core\\xet-core\\xet_client\\src\\cas_client\\retry_wrapper.rs","line_number":196}
{"timestamp":"2026-06-28T12:26:21.714579Z","level":"INFO","fields":{"message":"Received CAS response","request_id":"01KW733VA4RK2M831EPB7TVYS3","status_code":206},"filename":"D:\\a\\xet-core\\xet-core\\xet_client\\src\\common\\http_client.rs","line_number":288}
{"timestamp":"2026-06-28T12:26:21.714613Z","level":"INFO","fields":{"message":"Request Success: s3::get_range api call succeeded (request id 01KW733VA4RK2M831EPB7TVYS3)."},"filename":"D:\\a\\xet-core\\xet-core\\xet_client\\src\\cas_client\\retry_wrapper.rs","line_number":196}
{"timestamp":"2026-06-28T12:26:21.879144Z","level":"INFO","fields":{"message":"Retry strategy","max_attempts":5,"base_delay":"3s","no_retry_on_429":false},"filename":"D:\\a\\xet-core\\xet-core\\xet_client\\src\\cas_client\\retry_wrapper.rs","line_number":235}
{"timestamp":"2026-06-28T12:26:21.924371Z","level":"INFO","fields":{"message":"Concurrency control for download: Decreased concurrency from 30 to 29; reason: success ratio below threshold (connection struggling) (success_ratio = 1.000, threshold = 0.500)"},"filename":"D:\\a\\xet-core\\xet-core\\xet_client\\src\\cas_client\\adaptive_concurrency\\controller.rs","line_number":581}
{"timestamp":"2026-06-28T12:26:22.411173Z","level":"INFO","fields":{"message":"Received CAS response","request_id":"01KW733W8AWDM5J2A58QQAH7YV","status_code":206},"filename":"D:\\a\\xet-core\\xet-core\\xet_client\\src\\common\\http_client.rs","line_number":288}
{"timestamp":"2026-06-28T12:26:22.411202Z","level":"INFO","fields":{"message":"Request Success: s3::get_range api call succeeded (request id 01KW733W8AWDM5J2A58QQAH7YV)."},"filename":"D:\\a\\xet-core\\xet-core\\xet_client\\src\\cas_client\\retry_wrapper.rs","line_number":196}
{"timestamp":"2026-06-28T12:26:22.446360Z","level":"INFO","fields":{"message":"Concurrency control for download: Decreased concurrency from 29 to 28; reason: success ratio below threshold (connection struggling) (success_ratio = 1.000, threshold = 0.500)"},"filename":"D:\\a\\xet-core\\xet-core\\xet_client\\src\\cas_client\\adaptive_concurrency\\controller.rs","line_number":581}
{"timestamp":"2026-06-28T12:26:23.123048Z","level":"INFO","fields":{"message":"Concurrency control for download: Decreased concurrency from 28 to 27; reason: success ratio below threshold (connection struggling) (success_ratio = 1.000, threshold = 0.500)"},"filename":"D:\\a\\xet-core\\xet-core\\xet_client\\src\\cas_client\\adaptive_concurrency\\controller.rs","line_number":581}
{"timestamp":"2026-06-28T12:26:23.532098Z","level":"INFO","fields":{"message":"Received CAS response","request_id":"01KW733X5ND8DMS7G1DR5N9BBY","status_code":206},"filename":"D:\\a\\xet-core\\xet-core\\xet_client\\src\\common\\http_client.rs","line_number":288}
{"timestamp":"2026-06-28T12:26:23.532134Z","level":"INFO","fields":{"message":"Request Success: s3::get_range api call succeeded (request id 01KW733X5ND8DMS7G1DR5N9BBY)."},"filename":"D:\\a\\xet-core\\xet-core\\xet_client\\src\\cas_client\\retry_wrapper.rs","line_number":196}
{"timestamp":"2026-06-28T12:26:23.660579Z","level":"INFO","fields":{"message":"Concurrency control for download: Decreased concurrency from 27 to 26; reason: success ratio below threshold (connection struggling) (success_ratio = 1.000, threshold = 0.500)"},"filename":"D:\\a\\xet-core\\xet-core\\xet_client\\src\\cas_client\\adaptive_concurrency\\controller.rs","line_number":581}
{"timestamp":"2026-06-28T12:26:24.447681Z","level":"INFO","fields":{"message":"Concurrency control for download: Decreased concurrency from 26 to 25; reason: success ratio below threshold (connection struggling) (success_ratio = 1.000, threshold = 0.500)"},"filename":"D:\\a\\xet-core\\xet-core\\xet_client\\src\\cas_client\\adaptive_concurrency\\controller.rs","line_number":581}
{"timestamp":"2026-06-28T12:26:25.281564Z","level":"INFO","fields":{"message":"Concurrency control for download: Decreased concurrency from 25 to 24; reason: success ratio below threshold (connection struggling) (success_ratio = 1.000, threshold = 0.500)"},"filename":"D:\\a\\xet-core\\xet-core\\xet_client\\src\\cas_client\\adaptive_concurrency\\controller.rs","line_number":581}
{"timestamp":"2026-06-28T12:26:26.097628Z","level":"INFO","fields":{"message":"Concurrency control for download: Decreased concurrency from 24 to 23; reason: success ratio below threshold (connection struggling) (success_ratio = 1.000, threshold = 0.500)"},"filename":"D:\\a\\xet-core\\xet-core\\xet_client\\src\\cas_client\\adaptive_concurrency\\controller.rs","line_number":581}
{"timestamp":"2026-06-28T12:26:26.926307Z","level":"INFO","fields":{"message":"Concurrency control for download: Decreased concurrency from 23 to 22; reason: success ratio below threshold (connection struggling) (success_ratio = 1.000, threshold = 0.500)"},"filename":"D:\\a\\xet-core\\xet-core\\xet_client\\src\\cas_client\\adaptive_concurrency\\controller.rs","line_number":581}
{"timestamp":"2026-06-28T12:26:27.531333Z","level":"INFO","fields":{"message":"Concurrency control for download: Decreased concurrency from 22 to 21; reason: success ratio below threshold (connection struggling) (success_ratio = 1.000, threshold = 0.500)"},"filename":"D:\\a\\xet-core\\xet-core\\xet_client\\src\\cas_client\\adaptive_concurrency\\controller.rs","line_number":581}
{"timestamp":"2026-06-28T12:26:28.059146Z","level":"INFO","fields":{"message":"Concurrency control for download: Increased concurrency from 21 to 22; reason: success ratio 1.000 is above threshold 0.800 and predicted RTT for 43MB at new concurrency is 52.14s < target 60.0s"},"filename":"D:\\a\\xet-core\\xet-core\\xet_client\\src\\cas_client\\adaptive_concurrency\\controller.rs","line_number":543}
{"timestamp":"2026-06-28T12:26:28.572844Z","level":"INFO","fields":{"message":"Concurrency control for download: Increased concurrency from 22 to 23; reason: success ratio 1.000 is above threshold 0.800 and predicted RTT for 43MB at new concurrency is 41.50s < target 60.0s"},"filename":"D:\\a\\xet-core\\xet-core\\xet_client\\src\\cas_client\\adaptive_concurrency\\controller.rs","line_number":543}
{"timestamp":"2026-06-28T12:26:29.087518Z","level":"INFO","fields":{"message":"Concurrency control for download: Increased concurrency from 23 to 24; reason: success ratio 1.000 is above threshold 0.800 and predicted RTT for 43MB at new concurrency is 36.09s < target 60.0s"},"filename":"D:\\a\\xet-core\\xet-core\\xet_client\\src\\cas_client\\adaptive_concurrency\\controller.rs","line_number":543}
{"timestamp":"2026-06-28T12:26:29.591861Z","level":"INFO","fields":{"message":"Concurrency control for download: Increased concurrency from 24 to 25; reason: success ratio 1.000 is above threshold 0.800 and predicted RTT for 42MB at new concurrency is 10.45s < target 60.0s"},"filename":"D:\\a\\xet-core\\xet-core\\xet_client\\src\\cas_client\\adaptive_concurrency\\controller.rs","line_number":543}
{"timestamp":"2026-06-28T12:26:30.104449Z","level":"INFO","fields":{"message":"Concurrency control for download: Increased concurrency from 25 to 26; reason: success ratio 1.000 is above threshold 0.800 and predicted RTT for 42MB at new concurrency is 10.41s < target 60.0s"},"filename":"D:\\a\\xet-core\\xet-core\\xet_client\\src\\cas_client\\adaptive_concurrency\\controller.rs","line_number":543}
{"timestamp":"2026-06-28T12:26:30.435263Z","level":"INFO","fields":{"message":"Concurrency control for download: Current concurrency = 26; predicted bandwidth = 1115893; success_ratio = 1.000; reference_size = 42.4MB; observed bytes sent so far = 701850266; completed transmissions = 44"},"filename":"D:\\a\\xet-core\\xet-core\\xet_client\\src\\cas_client\\adaptive_concurrency\\controller.rs","line_number":597}
{"timestamp":"2026-06-28T12:26:30.619537Z","level":"INFO","fields":{"message":"Concurrency control for download: Increased concurrency from 26 to 27; reason: success ratio 1.000 is above threshold 0.800 and predicted RTT for 42MB at new concurrency is 10.26s < target 60.0s"},"filename":"D:\\a\\xet-core\\xet-core\\xet_client\\src\\cas_client\\adaptive_concurrency\\controller.rs","line_number":543}
{"timestamp":"2026-06-28T12:26:30.619580Z","level":"INFO","fields":{"message":"Retry strategy","max_attempts":5,"base_delay":"3s","no_retry_on_429":false},"filename":"D:\\a\\xet-core\\xet-core\\xet_client\\src\\cas_client\\retry_wrapper.rs","line_number":235}
{"timestamp":"2026-06-28T12:26:30.826773Z","level":"INFO","fields":{"message":"Received CAS response","request_id":"01KW7344TGSJ98ZJ6X2K1ZCDET","status_code":206},"filename":"D:\\a\\xet-core\\xet-core\\xet_client\\src\\common\\http_client.rs","line_number":288}
{"timestamp":"2026-06-28T12:26:30.826801Z","level":"INFO","fields":{"message":"Request Success: s3::get_range api call succeeded (request id 01KW7344TGSJ98ZJ6X2K1ZCDET)."},"filename":"D:\\a\\xet-core\\xet-core\\xet_client\\src\\cas_client\\retry_wrapper.rs","line_number":196}
{"timestamp":"2026-06-28T12:26:31.131037Z","level":"INFO","fields":{"message":"Concurrency control for download: Increased concurrency from 27 to 28; reason: success ratio 1.000 is above threshold 0.800 and predicted RTT for 42MB at new concurrency is 13.52s < target 60.0s"},"filename":"D:\\a\\xet-core\\xet-core\\xet_client\\src\\cas_client\\adaptive_concurrency\\controller.rs","line_number":543}
{"timestamp":"2026-06-28T12:26:31.131147Z","level":"INFO","fields":{"message":"Retry strategy","max_attempts":5,"base_delay":"3s","no_retry_on_429":false},"filename":"D:\\a\\xet-core\\xet-core\\xet_client\\src\\cas_client\\retry_wrapper.rs","line_number":235}
{"timestamp":"2026-06-28T12:26:31.551840Z","level":"INFO","fields":{"message":"Received CAS response","request_id":"01KW7345C04GX06ZQZ3EVXTNE1","status_code":206},"filename":"D:\\a\\xet-core\\xet-core\\xet_client\\src\\common\\http_client.rs","line_number":288}
{"timestamp":"2026-06-28T12:26:31.551865Z","level":"INFO","fields":{"message":"Request Success: s3::get_range api call succeeded (request id 01KW7345C04GX06ZQZ3EVXTNE1)."},"filename":"D:\\a\\xet-core\\xet-core\\xet_client\\src\\cas_client\\retry_wrapper.rs","line_number":196}
{"timestamp":"2026-06-28T12:26:31.633214Z","level":"INFO","fields":{"message":"Concurrency control for download: Increased concurrency from 28 to 29; reason: success ratio 1.000 is above threshold 0.800 and predicted RTT for 42MB at new concurrency is 21.14s < target 60.0s"},"filename":"D:\\a\\xet-core\\xet-core\\xet_client\\src\\cas_client\\adaptive_concurrency\\controller.rs","line_number":543}
{"timestamp":"2026-06-28T12:26:31.633455Z","level":"INFO","fields":{"message":"Retry strategy","max_attempts":5,"base_delay":"3s","no_retry_on_429":false},"filename":"D:\\a\\xet-core\\xet-core\\xet_client\\src\\cas_client\\retry_wrapper.rs","line_number":235}
{"timestamp":"2026-06-28T12:26:32.167623Z","level":"INFO","fields":{"message":"Concurrency control for download: Increased concurrency from 29 to 30; reason: success ratio 1.000 is above threshold 0.800 and predicted RTT for 42MB at new concurrency is 36.03s < target 60.0s"},"filename":"D:\\a\\xet-core\\xet-core\\xet_client\\src\\cas_client\\adaptive_concurrency\\controller.rs","line_number":543}
{"timestamp":"2026-06-28T12:26:32.167681Z","level":"INFO","fields":{"message":"Retry strategy","max_attempts":5,"base_delay":"3s","no_retry_on_429":false},"filename":"D:\\a\\xet-core\\xet-core\\xet_client\\src\\cas_client\\retry_wrapper.rs","line_number":235}
{"timestamp":"2026-06-28T12:26:32.293923Z","level":"INFO","fields":{"message":"Received CAS response","request_id":"01KW7345TA4FGPMWSQFRXAYHT9","status_code":206},"filename":"D:\\a\\xet-core\\xet-core\\xet_client\\src\\common\\http_client.rs","line_number":288}
{"timestamp":"2026-06-28T12:26:32.293954Z","level":"INFO","fields":{"message":"Request Success: s3::get_range api call succeeded (request id 01KW7345TA4FGPMWSQFRXAYHT9)."},"filename":"D:\\a\\xet-core\\xet-core\\xet_client\\src\\cas_client\\retry_wrapper.rs","line_number":196}
{"timestamp":"2026-06-28T12:26:32.540354Z","level":"INFO","fields":{"message":"Retry strategy","max_attempts":5,"base_delay":"3s","no_retry_on_429":false},"filename":"D:\\a\\xet-core\\xet-core\\xet_client\\src\\cas_client\\retry_wrapper.rs","line_number":235}
{"timestamp":"2026-06-28T12:26:32.670078Z","level":"INFO","fields":{"message":"Concurrency control for download: Increased concurrency from 30 to 31; reason: success ratio 1.000 is above threshold 0.800 and predicted RTT for 42MB at new concurrency is 54.55s < target 60.0s"},"filename":"D:\\a\\xet-core\\xet-core\\xet_client\\src\\cas_client\\adaptive_concurrency\\controller.rs","line_number":543}
{"timestamp":"2026-06-28T12:26:32.670130Z","level":"INFO","fields":{"message":"Retry strategy","max_attempts":5,"base_delay":"3s","no_retry_on_429":false},"filename":"D:\\a\\xet-core\\xet-core\\xet_client\\src\\cas_client\\retry_wrapper.rs","line_number":235}
{"timestamp":"2026-06-28T12:26:32.790655Z","level":"INFO","fields":{"message":"Retry strategy","max_attempts":5,"base_delay":"3s","no_retry_on_429":false},"filename":"D:\\a\\xet-core\\xet-core\\xet_client\\src\\cas_client\\retry_wrapper.rs","line_number":235}
{"timestamp":"2026-06-28T12:26:32.926636Z","level":"INFO","fields":{"message":"Received CAS response","request_id":"01KW7346AN1CZ3GH1ANSTYSXRW","status_code":206},"filename":"D:\\a\\xet-core\\xet-core\\xet_client\\src\\common\\http_client.rs","line_number":288}
{"timestamp":"2026-06-28T12:26:32.926670Z","level":"INFO","fields":{"message":"Request Success: s3::get_range api call succeeded (request id 01KW7346AN1CZ3GH1ANSTYSXRW)."},"filename":"D:\\a\\xet-core\\xet-core\\xet_client\\src\\cas_client\\retry_wrapper.rs","line_number":196}
{"timestamp":"2026-06-28T12:26:33.053461Z","level":"INFO","fields":{"message":"Retry strategy","max_attempts":5,"base_delay":"3s","no_retry_on_429":false},"filename":"D:\\a\\xet-core\\xet-core\\xet_client\\src\\cas_client\\retry_wrapper.rs","line_number":235}
{"timestamp":"2026-06-28T12:26:33.177515Z","level":"INFO","fields":{"message":"Received CAS response","request_id":"01KW7346PA7E15839H9GHEJ41P","status_code":206},"filename":"D:\\a\\xet-core\\xet-core\\xet_client\\src\\common\\http_client.rs","line_number":288}
{"timestamp":"2026-06-28T12:26:33.177549Z","level":"INFO","fields":{"message":"Request Success: s3::get_range api call succeeded (request id 01KW7346PA7E15839H9GHEJ41P)."},"filename":"D:\\a\\xet-core\\xet-core\\xet_client\\src\\cas_client\\retry_wrapper.rs","line_number":196}
{"timestamp":"2026-06-28T12:26:33.295484Z","level":"INFO","fields":{"message":"Received CAS response","request_id":"01KW7346VC9ETK836KSEYGAWS7","status_code":206},"filename":"D:\\a\\xet-core\\xet-core\\xet_client\\src\\common\\http_client.rs","line_number":288}
{"timestamp":"2026-06-28T12:26:33.295514Z","level":"INFO","fields":{"message":"Request Success: s3::get_range api call succeeded (request id 01KW7346VC9ETK836KSEYGAWS7)."},"filename":"D:\\a\\xet-core\\xet-core\\xet_client\\src\\cas_client\\retry_wrapper.rs","line_number":196}
{"timestamp":"2026-06-28T12:26:33.452840Z","level":"INFO","fields":{"message":"Concurrency control for download: Decreased concurrency from 31 to 30; reason: success ratio below threshold (connection struggling) (success_ratio = 1.000, threshold = 0.500)"},"filename":"D:\\a\\xet-core\\xet-core\\xet_client\\src\\cas_client\\adaptive_concurrency\\controller.rs","line_number":581}
{"timestamp":"2026-06-28T12:26:33.473289Z","level":"INFO","fields":{"message":"Received CAS response","request_id":"01KW7346YAJHQMC18R467CF9FF","status_code":206},"filename":"D:\\a\\xet-core\\xet-core\\xet_client\\src\\common\\http_client.rs","line_number":288}
{"timestamp":"2026-06-28T12:26:33.473317Z","level":"INFO","fields":{"message":"Request Success: s3::get_range api call succeeded (request id 01KW7346YAJHQMC18R467CF9FF)."},"filename":"D:\\a\\xet-core\\xet-core\\xet_client\\src\\cas_client\\retry_wrapper.rs","line_number":196}
{"timestamp":"2026-06-28T12:26:34.000113Z","level":"INFO","fields":{"message":"Received CAS response","request_id":"01KW73476E0MX0TFCGS5RZ1TRX","status_code":206},"filename":"D:\\a\\xet-core\\xet-core\\xet_client\\src\\common\\http_client.rs","line_number":288}
{"timestamp":"2026-06-28T12:26:34.000140Z","level":"INFO","fields":{"message":"Request Success: s3::get_range api call succeeded (request id 01KW73476E0MX0TFCGS5RZ1TRX)."},"filename":"D:\\a\\xet-core\\xet-core\\xet_client\\src\\cas_client\\retry_wrapper.rs","line_number":196}
{"timestamp":"2026-06-28T12:26:34.048992Z","level":"INFO","fields":{"message":"Concurrency control for download: Decreased concurrency from 30 to 29; reason: success ratio below threshold (connection struggling) (success_ratio = 1.000, threshold = 0.500)"},"filename":"D:\\a\\xet-core\\xet-core\\xet_client\\src\\cas_client\\adaptive_concurrency\\controller.rs","line_number":581}
{"timestamp":"2026-06-28T12:26:35.286703Z","level":"INFO","fields":{"message":"Concurrency control for download: Decreased concurrency from 29 to 28; reason: success ratio below threshold (connection struggling) (success_ratio = 1.000, threshold = 0.500)"},"filename":"D:\\a\\xet-core\\xet-core\\xet_client\\src\\cas_client\\adaptive_concurrency\\controller.rs","line_number":581}
{"timestamp":"2026-06-28T12:26:35.635032Z","level":"INFO","fields":{"message":"Retry strategy","max_attempts":5,"base_delay":"3s","no_retry_on_429":false},"filename":"D:\\a\\xet-core\\xet-core\\xet_client\\src\\cas_client\\retry_wrapper.rs","line_number":235}
{"timestamp":"2026-06-28T12:26:35.802303Z","level":"INFO","fields":{"message":"Concurrency control for download: Increased concurrency from 28 to 29; reason: success ratio 1.000 is above threshold 0.800 and predicted RTT for 36MB at new concurrency is 29.92s < target 60.0s"},"filename":"D:\\a\\xet-core\\xet-core\\xet_client\\src\\cas_client\\adaptive_concurrency\\controller.rs","line_number":543}
{"timestamp":"2026-06-28T12:26:35.802360Z","level":"INFO","fields":{"message":"Retry strategy","max_attempts":5,"base_delay":"3s","no_retry_on_429":false},"filename":"D:\\a\\xet-core\\xet-core\\xet_client\\src\\cas_client\\retry_wrapper.rs","line_number":235}
{"timestamp":"2026-06-28T12:26:36.162642Z","level":"INFO","fields":{"message":"Received CAS response","request_id":"01KW7349XZDBG77JT9A538071B","status_code":206},"filename":"D:\\a\\xet-core\\xet-core\\xet_client\\src\\common\\http_client.rs","line_number":288}
{"timestamp":"2026-06-28T12:26:36.162669Z","level":"INFO","fields":{"message":"Request Success: s3::get_range api call succeeded (request id 01KW7349XZDBG77JT9A538071B)."},"filename":"D:\\a\\xet-core\\xet-core\\xet_client\\src\\cas_client\\retry_wrapper.rs","line_number":196}
{"timestamp":"2026-06-28T12:26:36.305602Z","level":"INFO","fields":{"message":"Concurrency control for download: Increased concurrency from 29 to 30; reason: success ratio 1.000 is above threshold 0.800 and predicted RTT for 36MB at new concurrency is 33.56s < target 60.0s"},"filename":"D:\\a\\xet-core\\xet-core\\xet_client\\src\\cas_client\\adaptive_concurrency\\controller.rs","line_number":543}
{"timestamp":"2026-06-28T12:26:36.305656Z","level":"INFO","fields":{"message":"Retry strategy","max_attempts":5,"base_delay":"3s","no_retry_on_429":false},"filename":"D:\\a\\xet-core\\xet-core\\xet_client\\src\\cas_client\\retry_wrapper.rs","line_number":235}
{"timestamp":"2026-06-28T12:26:36.422364Z","level":"INFO","fields":{"message":"Received CAS response","request_id":"01KW734A2N4YQVT4VPE14FZ61N","status_code":206},"filename":"D:\\a\\xet-core\\xet-core\\xet_client\\src\\common\\http_client.rs","line_number":288}
{"timestamp":"2026-06-28T12:26:36.422394Z","level":"INFO","fields":{"message":"Request Success: s3::get_range api call succeeded (request id 01KW734A2N4YQVT4VPE14FZ61N)."},"filename":"D:\\a\\xet-core\\xet-core\\xet_client\\src\\cas_client\\retry_wrapper.rs","line_number":196}
{"timestamp":"2026-06-28T12:26:36.819870Z","level":"INFO","fields":{"message":"Concurrency control for download: Increased concurrency from 30 to 31; reason: success ratio 1.000 is above threshold 0.800 and predicted RTT for 36MB at new concurrency is 39.80s < target 60.0s"},"filename":"D:\\a\\xet-core\\xet-core\\xet_client\\src\\cas_client\\adaptive_concurrency\\controller.rs","line_number":543}
{"timestamp":"2026-06-28T12:26:36.819949Z","level":"INFO","fields":{"message":"Retry strategy","max_attempts":5,"base_delay":"3s","no_retry_on_429":false},"filename":"D:\\a\\xet-core\\xet-core\\xet_client\\src\\cas_client\\retry_wrapper.rs","line_number":235}
{"timestamp":"2026-06-28T12:26:37.027366Z","level":"INFO","fields":{"message":"Received CAS response","request_id":"01KW734AC2T6YDZWTQ0FA6V7HP","status_code":206},"filename":"D:\\a\\xet-core\\xet-core\\xet_client\\src\\common\\http_client.rs","line_number":288}
{"timestamp":"2026-06-28T12:26:37.027398Z","level":"INFO","fields":{"message":"Request Success: s3::get_range api call succeeded (request id 01KW734AC2T6YDZWTQ0FA6V7HP)."},"filename":"D:\\a\\xet-core\\xet-core\\xet_client\\src\\cas_client\\retry_wrapper.rs","line_number":196}
{"timestamp":"2026-06-28T12:26:37.330236Z","level":"INFO","fields":{"message":"Concurrency control for download: Increased concurrency from 31 to 32; reason: success ratio 1.000 is above threshold 0.800 and predicted RTT for 36MB at new concurrency is 46.67s < target 60.0s"},"filename":"D:\\a\\xet-core\\xet-core\\xet_client\\src\\cas_client\\adaptive_concurrency\\controller.rs","line_number":543}
{"timestamp":"2026-06-28T12:26:37.330279Z","level":"INFO","fields":{"message":"Retry strategy","max_attempts":5,"base_delay":"3s","no_retry_on_429":false},"filename":"D:\\a\\xet-core\\xet-core\\xet_client\\src\\cas_client\\retry_wrapper.rs","line_number":235}
{"timestamp":"2026-06-28T12:26:37.793445Z","level":"INFO","fields":{"message":"Retry strategy","max_attempts":5,"base_delay":"3s","no_retry_on_429":false},"filename":"D:\\a\\xet-core\\xet-core\\xet_client\\src\\cas_client\\retry_wrapper.rs","line_number":235}
{"timestamp":"2026-06-28T12:26:37.858326Z","level":"INFO","fields":{"message":"Concurrency control for download: Increased concurrency from 32 to 33; reason: success ratio 1.000 is above threshold 0.800 and predicted RTT for 35MB at new concurrency is 54.30s < target 60.0s"},"filename":"D:\\a\\xet-core\\xet-core\\xet_client\\src\\cas_client\\adaptive_concurrency\\controller.rs","line_number":543}
{"timestamp":"2026-06-28T12:26:37.858370Z","level":"INFO","fields":{"message":"Retry strategy","max_attempts":5,"base_delay":"3s","no_retry_on_429":false},"filename":"D:\\a\\xet-core\\xet-core\\xet_client\\src\\cas_client\\retry_wrapper.rs","line_number":235}
{"timestamp":"2026-06-28T12:26:37.889688Z","level":"INFO","fields":{"message":"Received CAS response","request_id":"01KW734AVPP2CCRY3Q7YSG8E4T","status_code":206},"filename":"D:\\a\\xet-core\\xet-core\\xet_client\\src\\common\\http_client.rs","line_number":288}
{"timestamp":"2026-06-28T12:26:37.889724Z","level":"INFO","fields":{"message":"Request Success: s3::get_range api call succeeded (request id 01KW734AVPP2CCRY3Q7YSG8E4T)."},"filename":"D:\\a\\xet-core\\xet-core\\xet_client\\src\\cas_client\\retry_wrapper.rs","line_number":196}
{"timestamp":"2026-06-28T12:26:38.590294Z","level":"INFO","fields":{"message":"Received CAS response","request_id":"01KW734BTRG6DP0WEDE6SA5N8F","status_code":206},"filename":"D:\\a\\xet-core\\xet-core\\xet_client\\src\\common\\http_client.rs","line_number":288}
{"timestamp":"2026-06-28T12:26:38.590323Z","level":"INFO","fields":{"message":"Request Success: s3::get_range api call succeeded (request id 01KW734BTRG6DP0WEDE6SA5N8F)."},"filename":"D:\\a\\xet-core\\xet-core\\xet_client\\src\\cas_client\\retry_wrapper.rs","line_number":196}
{"timestamp":"2026-06-28T12:26:39.031945Z","level":"INFO","fields":{"message":"Concurrency control for download: Increased concurrency from 33 to 34; reason: success ratio 1.000 is above threshold 0.800 and predicted RTT for 35MB at new concurrency is 54.42s < target 60.0s"},"filename":"D:\\a\\xet-core\\xet-core\\xet_client\\src\\cas_client\\adaptive_concurrency\\controller.rs","line_number":543}
{"timestamp":"2026-06-28T12:26:39.032000Z","level":"INFO","fields":{"message":"Retry strategy","max_attempts":5,"base_delay":"3s","no_retry_on_429":false},"filename":"D:\\a\\xet-core\\xet-core\\xet_client\\src\\cas_client\\retry_wrapper.rs","line_number":235}
{"timestamp":"2026-06-28T12:26:39.542231Z","level":"INFO","fields":{"message":"Concurrency control for download: Increased concurrency from 34 to 35; reason: success ratio 1.000 is above threshold 0.800 and predicted RTT for 35MB at new concurrency is 49.54s < target 60.0s"},"filename":"D:\\a\\xet-core\\xet-core\\xet_client\\src\\cas_client\\adaptive_concurrency\\controller.rs","line_number":543}
{"timestamp":"2026-06-28T12:26:39.542287Z","level":"INFO","fields":{"message":"Retry strategy","max_attempts":5,"base_delay":"3s","no_retry_on_429":false},"filename":"D:\\a\\xet-core\\xet-core\\xet_client\\src\\cas_client\\retry_wrapper.rs","line_number":235}
{"timestamp":"2026-06-28T12:26:39.657719Z","level":"INFO","fields":{"message":"Retry strategy","max_attempts":5,"base_delay":"3s","no_retry_on_429":false},"filename":"D:\\a\\xet-core\\xet-core\\xet_client\\src\\cas_client\\retry_wrapper.rs","line_number":235}
{"timestamp":"2026-06-28T12:26:39.729376Z","level":"INFO","fields":{"message":"Received CAS response","request_id":"01KW734DDB03K117KQWE3STQW5","status_code":206},"filename":"D:\\a\\xet-core\\xet-core\\xet_client\\src\\common\\http_client.rs","line_number":288}
{"timestamp":"2026-06-28T12:26:39.729412Z","level":"INFO","fields":{"message":"Request Success: s3::get_range api call succeeded (request id 01KW734DDB03K117KQWE3STQW5)."},"filename":"D:\\a\\xet-core\\xet-core\\xet_client\\src\\cas_client\\retry_wrapper.rs","line_number":196}
{"timestamp":"2026-06-28T12:26:39.776265Z","level":"INFO","fields":{"message":"Received CAS response","request_id":"01KW734DEMKFZ7M5EMFTQ9E7B1","status_code":206},"filename":"D:\\a\\xet-core\\xet-core\\xet_client\\src\\common\\http_client.rs","line_number":288}
{"timestamp":"2026-06-28T12:26:39.776297Z","level":"INFO","fields":{"message":"Request Success: s3::get_range api call succeeded (request id 01KW734DEMKFZ7M5EMFTQ9E7B1)."},"filename":"D:\\a\\xet-core\\xet-core\\xet_client\\src\\cas_client\\retry_wrapper.rs","line_number":196}
{"timestamp":"2026-06-28T12:26:39.786561Z","level":"INFO","fields":{"message":"Received CAS response","request_id":"01KW734DEMHJK9WRXV98V9PQ2B","status_code":206},"filename":"D:\\a\\xet-core\\xet-core\\xet_client\\src\\common\\http_client.rs","line_number":288}
{"timestamp":"2026-06-28T12:26:39.786584Z","level":"INFO","fields":{"message":"Request Success: s3::get_range api call succeeded (request id 01KW734DEMHJK9WRXV98V9PQ2B)."},"filename":"D:\\a\\xet-core\\xet-core\\xet_client\\src\\cas_client\\retry_wrapper.rs","line_number":196}
{"timestamp":"2026-06-28T12:26:40.043208Z","level":"INFO","fields":{"message":"Concurrency control for download: Increased concurrency from 35 to 36; reason: success ratio 1.000 is above threshold 0.800 and predicted RTT for 35MB at new concurrency is 21.84s < target 60.0s"},"filename":"D:\\a\\xet-core\\xet-core\\xet_client\\src\\cas_client\\adaptive_concurrency\\controller.rs","line_number":543}
{"timestamp":"2026-06-28T12:26:40.043249Z","level":"INFO","fields":{"message":"Retry strategy","max_attempts":5,"base_delay":"3s","no_retry_on_429":false},"filename":"D:\\a\\xet-core\\xet-core\\xet_client\\src\\cas_client\\retry_wrapper.rs","line_number":235}
{"timestamp":"2026-06-28T12:26:40.200783Z","level":"INFO","fields":{"message":"Received CAS response","request_id":"01KW734DPYNK8X75K7J6YH53MX","status_code":206},"filename":"D:\\a\\xet-core\\xet-core\\xet_client\\src\\common\\http_client.rs","line_number":288}
{"timestamp":"2026-06-28T12:26:40.200812Z","level":"INFO","fields":{"message":"Request Success: s3::get_range api call succeeded (request id 01KW734DPYNK8X75K7J6YH53MX)."},"filename":"D:\\a\\xet-core\\xet-core\\xet_client\\src\\cas_client\\retry_wrapper.rs","line_number":196}
{"timestamp":"2026-06-28T12:26:40.269973Z","level":"INFO","fields":{"message":"Retry strategy","max_attempts":5,"base_delay":"3s","no_retry_on_429":false},"filename":"D:\\a\\xet-core\\xet-core\\xet_client\\src\\cas_client\\retry_wrapper.rs","line_number":235}
{"timestamp":"2026-06-28T12:26:40.451423Z","level":"INFO","fields":{"message":"Concurrency control for download: Current concurrency = 36; predicted bandwidth = 8253129; success_ratio = 1.000; reference_size = 37.8MB; observed bytes sent so far = 768850325; completed transmissions = 54"},"filename":"D:\\a\\xet-core\\xet-core\\xet_client\\src\\cas_client\\adaptive_concurrency\\controller.rs","line_number":597}
{"timestamp":"2026-06-28T12:26:40.550287Z","level":"INFO","fields":{"message":"Concurrency control for download: Increased concurrency from 36 to 37; reason: success ratio 1.000 is above threshold 0.800 and predicted RTT for 37MB at new concurrency is 37.13s < target 60.0s"},"filename":"D:\\a\\xet-core\\xet-core\\xet_client\\src\\cas_client\\adaptive_concurrency\\controller.rs","line_number":543}
{"timestamp":"2026-06-28T12:26:40.550330Z","level":"INFO","fields":{"message":"Retry strategy","max_attempts":5,"base_delay":"3s","no_retry_on_429":false},"filename":"D:\\a\\xet-core\\xet-core\\xet_client\\src\\cas_client\\retry_wrapper.rs","line_number":235}
{"timestamp":"2026-06-28T12:26:40.913738Z","level":"INFO","fields":{"message":"Received CAS response","request_id":"01KW734E40EDDHAPXFRPYRM9C1","status_code":206},"filename":"D:\\a\\xet-core\\xet-core\\xet_client\\src\\common\\http_client.rs","line_number":288}
{"timestamp":"2026-06-28T12:26:40.913765Z","level":"INFO","fields":{"message":"Request Success: s3::get_range api call succeeded (request id 01KW734E40EDDHAPXFRPYRM9C1)."},"filename":"D:\\a\\xet-core\\xet-core\\xet_client\\src\\cas_client\\retry_wrapper.rs","line_number":196}
{"timestamp":"2026-06-28T12:26:41.063178Z","level":"INFO","fields":{"message":"Concurrency control for download: Increased concurrency from 37 to 38; reason: success ratio 1.000 is above threshold 0.800 and predicted RTT for 37MB at new concurrency is 45.54s < target 60.0s"},"filename":"D:\\a\\xet-core\\xet-core\\xet_client\\src\\cas_client\\adaptive_concurrency\\controller.rs","line_number":543}
{"timestamp":"2026-06-28T12:26:41.063238Z","level":"INFO","fields":{"message":"Retry strategy","max_attempts":5,"base_delay":"3s","no_retry_on_429":false},"filename":"D:\\a\\xet-core\\xet-core\\xet_client\\src\\cas_client\\retry_wrapper.rs","line_number":235}
{"timestamp":"2026-06-28T12:26:41.120976Z","level":"INFO","fields":{"message":"Received CAS response","request_id":"01KW734E7GMXCV2E1TCV0KNYZM","status_code":206},"filename":"D:\\a\\xet-core\\xet-core\\xet_client\\src\\common\\http_client.rs","line_number":288}
{"timestamp":"2026-06-28T12:26:41.121016Z","level":"INFO","fields":{"message":"Request Success: s3::get_range api call succeeded (request id 01KW734E7GMXCV2E1TCV0KNYZM)."},"filename":"D:\\a\\xet-core\\xet-core\\xet_client\\src\\cas_client\\retry_wrapper.rs","line_number":196}
{"timestamp":"2026-06-28T12:26:41.567789Z","level":"INFO","fields":{"message":"Concurrency control for download: Increased concurrency from 38 to 39; reason: success ratio 1.000 is above threshold 0.800 and predicted RTT for 37MB at new concurrency is 55.52s < target 60.0s"},"filename":"D:\\a\\xet-core\\xet-core\\xet_client\\src\\cas_client\\adaptive_concurrency\\controller.rs","line_number":543}
{"timestamp":"2026-06-28T12:26:41.567839Z","level":"INFO","fields":{"message":"Retry strategy","max_attempts":5,"base_delay":"3s","no_retry_on_429":false},"filename":"D:\\a\\xet-core\\xet-core\\xet_client\\src\\cas_client\\retry_wrapper.rs","line_number":235}
{"timestamp":"2026-06-28T12:26:42.264492Z","level":"INFO","fields":{"message":"Received CAS response","request_id":"01KW734ET2VYMGMA92Y729NMXC","status_code":206},"filename":"D:\\a\\xet-core\\xet-core\\xet_client\\src\\common\\http_client.rs","line_number":288}
{"timestamp":"2026-06-28T12:26:42.264523Z","level":"INFO","fields":{"message":"Request Success: s3::get_range api call succeeded (request id 01KW734ET2VYMGMA92Y729NMXC)."},"filename":"D:\\a\\xet-core\\xet-core\\xet_client\\src\\cas_client\\retry_wrapper.rs","line_number":196}
{"timestamp":"2026-06-28T12:26:42.510389Z","level":"INFO","fields":{"message":"Concurrency control for download: Decreased concurrency from 39 to 38; reason: success ratio below threshold (connection struggling) (success_ratio = 1.000, threshold = 0.500)"},"filename":"D:\\a\\xet-core\\xet-core\\xet_client\\src\\cas_client\\adaptive_concurrency\\controller.rs","line_number":581}
{"timestamp":"2026-06-28T12:26:43.402818Z","level":"INFO","fields":{"message":"Concurrency control for download: Decreased concurrency from 38 to 37; reason: success ratio below threshold (connection struggling) (success_ratio = 1.000, threshold = 0.500)"},"filename":"D:\\a\\xet-core\\xet-core\\xet_client\\src\\cas_client\\adaptive_concurrency\\controller.rs","line_number":581}
{"timestamp":"2026-06-28T12:26:43.690002Z","level":"INFO","fields":{"message":"Received CAS response","request_id":"01KW734EQ1FF4A7ST3XSVSN0EE","status_code":206},"filename":"D:\\a\\xet-core\\xet-core\\xet_client\\src\\common\\http_client.rs","line_number":288}
{"timestamp":"2026-06-28T12:26:43.690023Z","level":"INFO","fields":{"message":"Request Success: s3::get_range api call succeeded (request id 01KW734EQ1FF4A7ST3XSVSN0EE)."},"filename":"D:\\a\\xet-core\\xet-core\\xet_client\\src\\cas_client\\retry_wrapper.rs","line_number":196}
{"timestamp":"2026-06-28T12:26:44.030080Z","level":"INFO","fields":{"message":"Received CAS response","request_id":"01KW734GMRTY74JH37EB8YV5G0","status_code":206},"filename":"D:\\a\\xet-core\\xet-core\\xet_client\\src\\common\\http_client.rs","line_number":288}
{"timestamp":"2026-06-28T12:26:44.030105Z","level":"INFO","fields":{"message":"Request Success: s3::get_range api call succeeded (request id 01KW734GMRTY74JH37EB8YV5G0)."},"filename":"D:\\a\\xet-core\\xet-core\\xet_client\\src\\cas_client\\retry_wrapper.rs","line_number":196}
{"timestamp":"2026-06-28T12:26:44.150091Z","level":"INFO","fields":{"message":"Concurrency control for download: Decreased concurrency from 37 to 36; reason: success ratio below threshold (connection struggling) (success_ratio = 1.000, threshold = 0.500)"},"filename":"D:\\a\\xet-core\\xet-core\\xet_client\\src\\cas_client\\adaptive_concurrency\\controller.rs","line_number":581}
{"timestamp":"2026-06-28T12:26:44.655106Z","level":"INFO","fields":{"message":"Concurrency control for download: Decreased concurrency from 36 to 35; reason: success ratio below threshold (connection struggling) (success_ratio = 1.000, threshold = 0.500)"},"filename":"D:\\a\\xet-core\\xet-core\\xet_client\\src\\cas_client\\adaptive_concurrency\\controller.rs","line_number":581}
{"timestamp":"2026-06-28T12:26:45.157003Z","level":"INFO","fields":{"message":"Concurrency control for download: Increased concurrency from 35 to 36; reason: success ratio 1.000 is above threshold 0.800 and predicted RTT for 38MB at new concurrency is 33.49s < target 60.0s"},"filename":"D:\\a\\xet-core\\xet-core\\xet_client\\src\\cas_client\\adaptive_concurrency\\controller.rs","line_number":543}
{"timestamp":"2026-06-28T12:26:45.666558Z","level":"INFO","fields":{"message":"Concurrency control for download: Increased concurrency from 36 to 37; reason: success ratio 1.000 is above threshold 0.800 and predicted RTT for 44MB at new concurrency is 45.80s < target 60.0s"},"filename":"D:\\a\\xet-core\\xet-core\\xet_client\\src\\cas_client\\adaptive_concurrency\\controller.rs","line_number":543}
{"timestamp":"2026-06-28T12:26:45.666834Z","level":"INFO","fields":{"message":"Received CAS response","request_id":"01KW734K11QBQCV8V6MFYRJJCF","status_code":206},"filename":"D:\\a\\xet-core\\xet-core\\xet_client\\src\\common\\http_client.rs","line_number":288}
{"timestamp":"2026-06-28T12:26:45.666854Z","level":"INFO","fields":{"message":"Request Success: s3::get_range api call succeeded (request id 01KW734K11QBQCV8V6MFYRJJCF)."},"filename":"D:\\a\\xet-core\\xet-core\\xet_client\\src\\cas_client\\retry_wrapper.rs","line_number":196}
{"timestamp":"2026-06-28T12:26:45.766805Z","level":"INFO","fields":{"message":"Retry strategy","max_attempts":5,"base_delay":"3s","no_retry_on_429":false},"filename":"D:\\a\\xet-core\\xet-core\\xet_client\\src\\cas_client\\retry_wrapper.rs","line_number":235}
{"timestamp":"2026-06-28T12:26:46.171781Z","level":"INFO","fields":{"message":"Concurrency control for download: Increased concurrency from 37 to 38; reason: success ratio 1.000 is above threshold 0.800 and predicted RTT for 44MB at new concurrency is 44.80s < target 60.0s"},"filename":"D:\\a\\xet-core\\xet-core\\xet_client\\src\\cas_client\\adaptive_concurrency\\controller.rs","line_number":543}
{"timestamp":"2026-06-28T12:26:46.171826Z","level":"INFO","fields":{"message":"Retry strategy","max_attempts":5,"base_delay":"3s","no_retry_on_429":false},"filename":"D:\\a\\xet-core\\xet-core\\xet_client\\src\\cas_client\\retry_wrapper.rs","line_number":235}
{"timestamp":"2026-06-28T12:26:46.673881Z","level":"INFO","fields":{"message":"Concurrency control for download: Increased concurrency from 38 to 39; reason: success ratio 1.000 is above threshold 0.800 and predicted RTT for 44MB at new concurrency is 47.78s < target 60.0s"},"filename":"D:\\a\\xet-core\\xet-core\\xet_client\\src\\cas_client\\adaptive_concurrency\\controller.rs","line_number":543}
{"timestamp":"2026-06-28T12:26:46.673994Z","level":"INFO","fields":{"message":"Retry strategy","max_attempts":5,"base_delay":"3s","no_retry_on_429":false},"filename":"D:\\a\\xet-core\\xet-core\\xet_client\\src\\cas_client\\retry_wrapper.rs","line_number":235}
{"timestamp":"2026-06-28T12:26:46.876346Z","level":"INFO","fields":{"message":"Received CAS response","request_id":"01KW734M4NK4YS2VFVQMT3DC31","status_code":206},"filename":"D:\\a\\xet-core\\xet-core\\xet_client\\src\\common\\http_client.rs","line_number":288}
{"timestamp":"2026-06-28T12:26:46.876373Z","level":"INFO","fields":{"message":"Request Success: s3::get_range api call succeeded (request id 01KW734M4NK4YS2VFVQMT3DC31)."},"filename":"D:\\a\\xet-core\\xet-core\\xet_client\\src\\cas_client\\retry_wrapper.rs","line_number":196}
{"timestamp":"2026-06-28T12:26:47.174712Z","level":"INFO","fields":{"message":"Concurrency control for download: Increased concurrency from 39 to 40; reason: success ratio 1.000 is above threshold 0.800 and predicted RTT for 44MB at new concurrency is 54.68s < target 60.0s"},"filename":"D:\\a\\xet-core\\xet-core\\xet_client\\src\\cas_client\\adaptive_concurrency\\controller.rs","line_number":543}
{"timestamp":"2026-06-28T12:26:47.174760Z","level":"INFO","fields":{"message":"Retry strategy","max_attempts":5,"base_delay":"3s","no_retry_on_429":false},"filename":"D:\\a\\xet-core\\xet-core\\xet_client\\src\\cas_client\\retry_wrapper.rs","line_number":235}
{"timestamp":"2026-06-28T12:26:47.322228Z","level":"INFO","fields":{"message":"Received CAS response","request_id":"01KW734MH40W1CDE94E500CSGD","status_code":206},"filename":"D:\\a\\xet-core\\xet-core\\xet_client\\src\\common\\http_client.rs","line_number":288}
{"timestamp":"2026-06-28T12:26:47.322263Z","level":"INFO","fields":{"message":"Request Success: s3::get_range api call succeeded (request id 01KW734MH40W1CDE94E500CSGD)."},"filename":"D:\\a\\xet-core\\xet-core\\xet_client\\src\\cas_client\\retry_wrapper.rs","line_number":196}
{"timestamp":"2026-06-28T12:26:47.704778Z","level":"INFO","fields":{"message":"Concurrency control for download: Decreased concurrency from 40 to 39; reason: success ratio below threshold (connection struggling) (success_ratio = 1.000, threshold = 0.500)"},"filename":"D:\\a\\xet-core\\xet-core\\xet_client\\src\\cas_client\\adaptive_concurrency\\controller.rs","line_number":581}
{"timestamp":"2026-06-28T12:26:47.725383Z","level":"INFO","fields":{"message":"Received CAS response","request_id":"01KW734MV39J1Q1B25XFQYWPZ0","status_code":206},"filename":"D:\\a\\xet-core\\xet-core\\xet_client\\src\\common\\http_client.rs","line_number":288}
{"timestamp":"2026-06-28T12:26:47.725411Z","level":"INFO","fields":{"message":"Request Success: s3::get_range api call succeeded (request id 01KW734MV39J1Q1B25XFQYWPZ0)."},"filename":"D:\\a\\xet-core\\xet-core\\xet_client\\src\\cas_client\\retry_wrapper.rs","line_number":196}
{"timestamp":"2026-06-28T12:26:48.143247Z","level":"INFO","fields":{"message":"Received CAS response","request_id":"01KW734N50G1ZPKRQMZHVDC9S6","status_code":206},"filename":"D:\\a\\xet-core\\xet-core\\xet_client\\src\\common\\http_client.rs","line_number":288}
{"timestamp":"2026-06-28T12:26:48.143279Z","level":"INFO","fields":{"message":"Request Success: s3::get_range api call succeeded (request id 01KW734N50G1ZPKRQMZHVDC9S6)."},"filename":"D:\\a\\xet-core\\xet-core\\xet_client\\src\\cas_client\\retry_wrapper.rs","line_number":196}
{"timestamp":"2026-06-28T12:26:48.393173Z","level":"INFO","fields":{"message":"Concurrency control for download: Decreased concurrency from 39 to 38; reason: success ratio below threshold (connection struggling) (success_ratio = 1.000, threshold = 0.500)"},"filename":"D:\\a\\xet-core\\xet-core\\xet_client\\src\\cas_client\\adaptive_concurrency\\controller.rs","line_number":581}
{"timestamp":"2026-06-28T12:26:48.973761Z","level":"INFO","fields":{"message":"Concurrency control for download: Decreased concurrency from 38 to 37; reason: success ratio below threshold (connection struggling) (success_ratio = 1.000, threshold = 0.500)"},"filename":"D:\\a\\xet-core\\xet-core\\xet_client\\src\\cas_client\\adaptive_concurrency\\controller.rs","line_number":581}
{"timestamp":"2026-06-28T12:26:50.146188Z","level":"INFO","fields":{"message":"Concurrency control for download: Decreased concurrency from 37 to 36; reason: success ratio below threshold (connection struggling) (success_ratio = 1.000, threshold = 0.500)"},"filename":"D:\\a\\xet-core\\xet-core\\xet_client\\src\\cas_client\\adaptive_concurrency\\controller.rs","line_number":581}
{"timestamp":"2026-06-28T12:26:50.317079Z","level":"INFO","fields":{"message":"Retry strategy","max_attempts":5,"base_delay":"3s","no_retry_on_429":false},"filename":"D:\\a\\xet-core\\xet-core\\xet_client\\src\\cas_client\\retry_wrapper.rs","line_number":235}
{"timestamp":"2026-06-28T12:26:50.492564Z","level":"INFO","fields":{"message":"Concurrency control for download: Current concurrency = 36; predicted bandwidth = 382981; success_ratio = 1.000; reference_size = 41.2MB; observed bytes sent so far = 828989560; completed transmissions = 62"},"filename":"D:\\a\\xet-core\\xet-core\\xet_client\\src\\cas_client\\adaptive_concurrency\\controller.rs","line_number":597}
{"timestamp":"2026-06-28T12:26:50.659905Z","level":"INFO","fields":{"message":"Concurrency control for download: Increased concurrency from 36 to 37; reason: success ratio 1.000 is above threshold 0.800 and predicted RTT for 41MB at new concurrency is 0.00s < target 60.0s"},"filename":"D:\\a\\xet-core\\xet-core\\xet_client\\src\\cas_client\\adaptive_concurrency\\controller.rs","line_number":543}
{"timestamp":"2026-06-28T12:26:50.659976Z","level":"INFO","fields":{"message":"Retry strategy","max_attempts":5,"base_delay":"3s","no_retry_on_429":false},"filename":"D:\\a\\xet-core\\xet-core\\xet_client\\src\\cas_client\\retry_wrapper.rs","line_number":235}
{"timestamp":"2026-06-28T12:26:50.783433Z","level":"INFO","fields":{"message":"Received CAS response","request_id":"01KW734RC4AP5GS0AEG2JM2WG0","status_code":206},"filename":"D:\\a\\xet-core\\xet-core\\xet_client\\src\\common\\http_client.rs","line_number":288}
{"timestamp":"2026-06-28T12:26:50.783464Z","level":"INFO","fields":{"message":"Request Success: s3::get_range api call succeeded (request id 01KW734RC4AP5GS0AEG2JM2WG0)."},"filename":"D:\\a\\xet-core\\xet-core\\xet_client\\src\\cas_client\\retry_wrapper.rs","line_number":196}
{"timestamp":"2026-06-28T12:26:50.787932Z","level":"INFO","fields":{"message":"Received CAS response","request_id":"01KW734RC9GPWNRCKZ1ET0B4NW","status_code":206},"filename":"D:\\a\\xet-core\\xet-core\\xet_client\\src\\common\\http_client.rs","line_number":288}
{"timestamp":"2026-06-28T12:26:50.787969Z","level":"INFO","fields":{"message":"Request Success: s3::get_range api call succeeded (request id 01KW734RC9GPWNRCKZ1ET0B4NW)."},"filename":"D:\\a\\xet-core\\xet-core\\xet_client\\src\\cas_client\\retry_wrapper.rs","line_number":196}
{"timestamp":"2026-06-28T12:26:51.163413Z","level":"INFO","fields":{"message":"Concurrency control for download: Increased concurrency from 37 to 38; reason: success ratio 1.000 is above threshold 0.800 and predicted RTT for 41MB at new concurrency is 30.37s < target 60.0s"},"filename":"D:\\a\\xet-core\\xet-core\\xet_client\\src\\cas_client\\adaptive_concurrency\\controller.rs","line_number":543}
{"timestamp":"2026-06-28T12:26:51.163720Z","level":"INFO","fields":{"message":"Retry strategy","max_attempts":5,"base_delay":"3s","no_retry_on_429":false},"filename":"D:\\a\\xet-core\\xet-core\\xet_client\\src\\cas_client\\retry_wrapper.rs","line_number":235}
{"timestamp":"2026-06-28T12:26:51.478742Z","level":"INFO","fields":{"message":"Retry strategy","max_attempts":5,"base_delay":"3s","no_retry_on_429":false},"filename":"D:\\a\\xet-core\\xet-core\\xet_client\\src\\cas_client\\retry_wrapper.rs","line_number":235}
{"timestamp":"2026-06-28T12:26:51.487265Z","level":"INFO","fields":{"message":"Received CAS response","request_id":"01KW734RX04NHNE02FHX9GYKHQ","status_code":206},"filename":"D:\\a\\xet-core\\xet-core\\xet_client\\src\\common\\http_client.rs","line_number":288}
{"timestamp":"2026-06-28T12:26:51.487288Z","level":"INFO","fields":{"message":"Request Success: s3::get_range api call succeeded (request id 01KW734RX04NHNE02FHX9GYKHQ)."},"filename":"D:\\a\\xet-core\\xet-core\\xet_client\\src\\cas_client\\retry_wrapper.rs","line_number":196}
{"timestamp":"2026-06-28T12:26:51.779428Z","level":"INFO","fields":{"message":"Concurrency control for download: Decreased concurrency from 38 to 37; reason: success ratio below threshold (connection struggling) (success_ratio = 1.000, threshold = 0.500)"},"filename":"D:\\a\\xet-core\\xet-core\\xet_client\\src\\cas_client\\adaptive_concurrency\\controller.rs","line_number":581}
{"timestamp":"2026-06-28T12:26:51.923191Z","level":"INFO","fields":{"message":"Received CAS response","request_id":"01KW734S703H0ES7YEBQ8AMZBX","status_code":206},"filename":"D:\\a\\xet-core\\xet-core\\xet_client\\src\\common\\http_client.rs","line_number":288}
{"timestamp":"2026-06-28T12:26:51.923224Z","level":"INFO","fields":{"message":"Request Success: s3::get_range api call succeeded (request id 01KW734S703H0ES7YEBQ8AMZBX)."},"filename":"D:\\a\\xet-core\\xet-core\\xet_client\\src\\cas_client\\retry_wrapper.rs","line_number":196}
{"timestamp":"2026-06-28T12:26:52.300017Z","level":"INFO","fields":{"message":"Concurrency control for download: Decreased concurrency from 37 to 36; reason: success ratio below threshold (connection struggling) (success_ratio = 1.000, threshold = 0.500)"},"filename":"D:\\a\\xet-core\\xet-core\\xet_client\\src\\cas_client\\adaptive_concurrency\\controller.rs","line_number":581}
{"timestamp":"2026-06-28T12:26:52.889217Z","level":"INFO","fields":{"message":"Concurrency control for download: Decreased concurrency from 36 to 35; reason: success ratio below threshold (connection struggling) (success_ratio = 1.000, threshold = 0.500)"},"filename":"D:\\a\\xet-core\\xet-core\\xet_client\\src\\cas_client\\adaptive_concurrency\\controller.rs","line_number":581}
{"timestamp":"2026-06-28T12:26:53.412635Z","level":"INFO","fields":{"message":"Concurrency control for download: Decreased concurrency from 35 to 34; reason: success ratio below threshold (connection struggling) (success_ratio = 1.000, threshold = 0.500)"},"filename":"D:\\a\\xet-core\\xet-core\\xet_client\\src\\cas_client\\adaptive_concurrency\\controller.rs","line_number":581}
{"timestamp":"2026-06-28T12:26:54.081298Z","level":"INFO","fields":{"message":"Concurrency control for download: Decreased concurrency from 34 to 33; reason: success ratio below threshold (connection struggling) (success_ratio = 1.000, threshold = 0.500)"},"filename":"D:\\a\\xet-core\\xet-core\\xet_client\\src\\cas_client\\adaptive_concurrency\\controller.rs","line_number":581}
{"timestamp":"2026-06-28T12:26:54.795488Z","level":"INFO","fields":{"message":"Concurrency control for download: Decreased concurrency from 33 to 32; reason: success ratio below threshold (connection struggling) (success_ratio = 1.000, threshold = 0.500)"},"filename":"D:\\a\\xet-core\\xet-core\\xet_client\\src\\cas_client\\adaptive_concurrency\\controller.rs","line_number":581}
{"timestamp":"2026-06-28T12:26:55.541087Z","level":"INFO","fields":{"message":"Concurrency control for download: Decreased concurrency from 32 to 31; reason: success ratio below threshold (connection struggling) (success_ratio = 1.000, threshold = 0.500)"},"filename":"D:\\a\\xet-core\\xet-core\\xet_client\\src\\cas_client\\adaptive_concurrency\\controller.rs","line_number":581}
{"timestamp":"2026-06-28T12:26:56.041102Z","level":"INFO","fields":{"message":"Concurrency control for download: Increased concurrency from 31 to 32; reason: success ratio 1.000 is above threshold 0.800 and predicted RTT for 41MB at new concurrency is 47.21s < target 60.0s"},"filename":"D:\\a\\xet-core\\xet-core\\xet_client\\src\\cas_client\\adaptive_concurrency\\controller.rs","line_number":543}
{"timestamp":"2026-06-28T12:26:56.549664Z","level":"INFO","fields":{"message":"Concurrency control for download: Increased concurrency from 32 to 33; reason: success ratio 1.000 is above threshold 0.800 and predicted RTT for 41MB at new concurrency is 47.30s < target 60.0s"},"filename":"D:\\a\\xet-core\\xet-core\\xet_client\\src\\cas_client\\adaptive_concurrency\\controller.rs","line_number":543}
{"timestamp":"2026-06-28T12:26:56.549715Z","level":"INFO","fields":{"message":"Retry strategy","max_attempts":5,"base_delay":"3s","no_retry_on_429":false},"filename":"D:\\a\\xet-core\\xet-core\\xet_client\\src\\cas_client\\retry_wrapper.rs","line_number":235}
{"timestamp":"2026-06-28T12:26:56.800106Z","level":"INFO","fields":{"message":"Received CAS response","request_id":"01KW734Y4FS9K6MQQ86NW7JGNZ","status_code":206},"filename":"D:\\a\\xet-core\\xet-core\\xet_client\\src\\common\\http_client.rs","line_number":288}
{"timestamp":"2026-06-28T12:26:56.800209Z","level":"INFO","fields":{"message":"Request Success: s3::get_range api call succeeded (request id 01KW734Y4FS9K6MQQ86NW7JGNZ)."},"filename":"D:\\a\\xet-core\\xet-core\\xet_client\\src\\cas_client\\retry_wrapper.rs","line_number":196}
{"timestamp":"2026-06-28T12:26:57.070246Z","level":"INFO","fields":{"message":"Concurrency control for download: Increased concurrency from 33 to 34; reason: success ratio 1.000 is above threshold 0.800 and predicted RTT for 41MB at new concurrency is 54.51s < target 60.0s"},"filename":"D:\\a\\xet-core\\xet-core\\xet_client\\src\\cas_client\\adaptive_concurrency\\controller.rs","line_number":543}
{"timestamp":"2026-06-28T12:26:57.070298Z","level":"INFO","fields":{"message":"Retry strategy","max_attempts":5,"base_delay":"3s","no_retry_on_429":false},"filename":"D:\\a\\xet-core\\xet-core\\xet_client\\src\\cas_client\\retry_wrapper.rs","line_number":235}
{"timestamp":"2026-06-28T12:26:57.298921Z","level":"INFO","fields":{"message":"Received CAS response","request_id":"01KW734YMGS70TKFQX9Y04KTKT","status_code":206},"filename":"D:\\a\\xet-core\\xet-core\\xet_client\\src\\common\\http_client.rs","line_number":288}
{"timestamp":"2026-06-28T12:26:57.298963Z","level":"INFO","fields":{"message":"Request Success: s3::get_range api call succeeded (request id 01KW734YMGS70TKFQX9Y04KTKT)."},"filename":"D:\\a\\xet-core\\xet-core\\xet_client\\src\\cas_client\\retry_wrapper.rs","line_number":196}
{"timestamp":"2026-06-28T12:26:57.613127Z","level":"INFO","fields":{"message":"Concurrency control for download: Decreased concurrency from 34 to 33; reason: success ratio below threshold (connection struggling) (success_ratio = 1.000, threshold = 0.500)"},"filename":"D:\\a\\xet-core\\xet-core\\xet_client\\src\\cas_client\\adaptive_concurrency\\controller.rs","line_number":581}
{"timestamp":"2026-06-28T12:26:57.754582Z","level":"INFO","fields":{"message":"Retry strategy","max_attempts":5,"base_delay":"3s","no_retry_on_429":false},"filename":"D:\\a\\xet-core\\xet-core\\xet_client\\src\\cas_client\\retry_wrapper.rs","line_number":235}
{"timestamp":"2026-06-28T12:26:58.085106Z","level":"INFO","fields":{"message":"Received CAS response","request_id":"01KW734ZA8WKNG6F5V29AXQRGX","status_code":206},"filename":"D:\\a\\xet-core\\xet-core\\xet_client\\src\\common\\http_client.rs","line_number":288}
{"timestamp":"2026-06-28T12:26:58.085143Z","level":"INFO","fields":{"message":"Request Success: s3::get_range api call succeeded (request id 01KW734ZA8WKNG6F5V29AXQRGX)."},"filename":"D:\\a\\xet-core\\xet-core\\xet_client\\src\\cas_client\\retry_wrapper.rs","line_number":196}
{"timestamp":"2026-06-28T12:26:58.307955Z","level":"INFO","fields":{"message":"Concurrency control for download: Decreased concurrency from 33 to 32; reason: success ratio below threshold (connection struggling) (success_ratio = 1.000, threshold = 0.500)"},"filename":"D:\\a\\xet-core\\xet-core\\xet_client\\src\\cas_client\\adaptive_concurrency\\controller.rs","line_number":581}
{"timestamp":"2026-06-28T12:26:58.835157Z","level":"INFO","fields":{"message":"Concurrency control for download: Decreased concurrency from 32 to 31; reason: success ratio below threshold (connection struggling) (success_ratio = 1.000, threshold = 0.500)"},"filename":"D:\\a\\xet-core\\xet-core\\xet_client\\src\\cas_client\\adaptive_concurrency\\controller.rs","line_number":581}
{"timestamp":"2026-06-28T12:26:59.370211Z","level":"INFO","fields":{"message":"Concurrency control for download: Increased concurrency from 31 to 32; reason: success ratio 1.000 is above threshold 0.800 and predicted RTT for 38MB at new concurrency is 0.00s < target 60.0s"},"filename":"D:\\a\\xet-core\\xet-core\\xet_client\\src\\cas_client\\adaptive_concurrency\\controller.rs","line_number":543}
{"timestamp":"2026-06-28T12:26:59.882920Z","level":"INFO","fields":{"message":"Concurrency control for download: Increased concurrency from 32 to 33; reason: success ratio 1.000 is above threshold 0.800 and predicted RTT for 38MB at new concurrency is 0.00s < target 60.0s"},"filename":"D:\\a\\xet-core\\xet-core\\xet_client\\src\\cas_client\\adaptive_concurrency\\controller.rs","line_number":543}
{"timestamp":"2026-06-28T12:26:59.882979Z","level":"INFO","fields":{"message":"Retry strategy","max_attempts":5,"base_delay":"3s","no_retry_on_429":false},"filename":"D:\\a\\xet-core\\xet-core\\xet_client\\src\\cas_client\\retry_wrapper.rs","line_number":235}
{"timestamp":"2026-06-28T12:27:00.241699Z","level":"INFO","fields":{"message":"Received CAS response","request_id":"01KW7351C6EEXDGGA2GWBW7NH3","status_code":206},"filename":"D:\\a\\xet-core\\xet-core\\xet_client\\src\\common\\http_client.rs","line_number":288}
{"timestamp":"2026-06-28T12:27:00.241722Z","level":"INFO","fields":{"message":"Request Success: s3::get_range api call succeeded (request id 01KW7351C6EEXDGGA2GWBW7NH3)."},"filename":"D:\\a\\xet-core\\xet-core\\xet_client\\src\\cas_client\\retry_wrapper.rs","line_number":196}
{"timestamp":"2026-06-28T12:27:00.386642Z","level":"INFO","fields":{"message":"Concurrency control for download: Increased concurrency from 33 to 34; reason: success ratio 1.000 is above threshold 0.800 and predicted RTT for 38MB at new concurrency is 4.65s < target 60.0s"},"filename":"D:\\a\\xet-core\\xet-core\\xet_client\\src\\cas_client\\adaptive_concurrency\\controller.rs","line_number":543}
{"timestamp":"2026-06-28T12:27:00.386691Z","level":"INFO","fields":{"message":"Retry strategy","max_attempts":5,"base_delay":"3s","no_retry_on_429":false},"filename":"D:\\a\\xet-core\\xet-core\\xet_client\\src\\cas_client\\retry_wrapper.rs","line_number":235}
{"timestamp":"2026-06-28T12:27:00.496693Z","level":"INFO","fields":{"message":"Concurrency control for download: Current concurrency = 34; predicted bandwidth = 727800; success_ratio = 1.000; reference_size = 38.8MB; observed bytes sent so far = 895928428; completed transmissions = 72"},"filename":"D:\\a\\xet-core\\xet-core\\xet_client\\src\\cas_client\\adaptive_concurrency\\controller.rs","line_number":597}
{"timestamp":"2026-06-28T12:27:00.834343Z","level":"INFO","fields":{"message":"Received CAS response","request_id":"01KW7351Y0D6BMQ9DAYJ1P6Z5F","status_code":206},"filename":"D:\\a\\xet-core\\xet-core\\xet_client\\src\\common\\http_client.rs","line_number":288}
{"timestamp":"2026-06-28T12:27:00.834373Z","level":"INFO","fields":{"message":"Request Success: s3::get_range api call succeeded (request id 01KW7351Y0D6BMQ9DAYJ1P6Z5F)."},"filename":"D:\\a\\xet-core\\xet-core\\xet_client\\src\\cas_client\\retry_wrapper.rs","line_number":196}
{"timestamp":"2026-06-28T12:27:00.890110Z","level":"INFO","fields":{"message":"Concurrency control for download: Increased concurrency from 34 to 35; reason: success ratio 1.000 is above threshold 0.800 and predicted RTT for 38MB at new concurrency is 27.75s < target 60.0s"},"filename":"D:\\a\\xet-core\\xet-core\\xet_client\\src\\cas_client\\adaptive_concurrency\\controller.rs","line_number":543}
{"timestamp":"2026-06-28T12:27:00.890156Z","level":"INFO","fields":{"message":"Retry strategy","max_attempts":5,"base_delay":"3s","no_retry_on_429":false},"filename":"D:\\a\\xet-core\\xet-core\\xet_client\\src\\cas_client\\retry_wrapper.rs","line_number":235}
{"timestamp":"2026-06-28T12:27:01.179672Z","level":"INFO","fields":{"message":"Received CAS response","request_id":"01KW7352C0VGB0WNHQPYEDHC6D","status_code":206},"filename":"D:\\a\\xet-core\\xet-core\\xet_client\\src\\common\\http_client.rs","line_number":288}
{"timestamp":"2026-06-28T12:27:01.179706Z","level":"INFO","fields":{"message":"Request Success: s3::get_range api call succeeded (request id 01KW7352C0VGB0WNHQPYEDHC6D)."},"filename":"D:\\a\\xet-core\\xet-core\\xet_client\\src\\cas_client\\retry_wrapper.rs","line_number":196}
{"timestamp":"2026-06-28T12:27:01.479049Z","level":"INFO","fields":{"message":"Concurrency control for download: Decreased concurrency from 35 to 34; reason: success ratio below threshold (connection struggling) (success_ratio = 1.000, threshold = 0.500)"},"filename":"D:\\a\\xet-core\\xet-core\\xet_client\\src\\cas_client\\adaptive_concurrency\\controller.rs","line_number":581}
{"timestamp":"2026-06-28T12:27:01.985785Z","level":"INFO","fields":{"message":"Concurrency control for download: Decreased concurrency from 34 to 33; reason: success ratio below threshold (connection struggling) (success_ratio = 1.000, threshold = 0.500)"},"filename":"D:\\a\\xet-core\\xet-core\\xet_client\\src\\cas_client\\adaptive_concurrency\\controller.rs","line_number":581}
{"timestamp":"2026-06-28T12:27:02.706863Z","level":"INFO","fields":{"message":"Concurrency control for download: Decreased concurrency from 33 to 32; reason: success ratio below threshold (connection struggling) (success_ratio = 1.000, threshold = 0.500)"},"filename":"D:\\a\\xet-core\\xet-core\\xet_client\\src\\cas_client\\adaptive_concurrency\\controller.rs","line_number":581}
{"timestamp":"2026-06-28T12:27:03.426416Z","level":"INFO","fields":{"message":"Concurrency control for download: Decreased concurrency from 32 to 31; reason: success ratio below threshold (connection struggling) (success_ratio = 1.000, threshold = 0.500)"},"filename":"D:\\a\\xet-core\\xet-core\\xet_client\\src\\cas_client\\adaptive_concurrency\\controller.rs","line_number":581}
{"timestamp":"2026-06-28T12:27:04.007889Z","level":"INFO","fields":{"message":"Concurrency control for download: Decreased concurrency from 31 to 30; reason: success ratio below threshold (connection struggling) (success_ratio = 1.000, threshold = 0.500)"},"filename":"D:\\a\\xet-core\\xet-core\\xet_client\\src\\cas_client\\adaptive_concurrency\\controller.rs","line_number":581}
{"timestamp":"2026-06-28T12:27:04.587298Z","level":"INFO","fields":{"message":"Concurrency control for download: Decreased concurrency from 30 to 29; reason: success ratio below threshold (connection struggling) (success_ratio = 1.000, threshold = 0.500)"},"filename":"D:\\a\\xet-core\\xet-core\\xet_client\\src\\cas_client\\adaptive_concurrency\\controller.rs","line_number":581}
{"timestamp":"2026-06-28T12:27:05.296239Z","level":"INFO","fields":{"message":"Concurrency control for download: Decreased concurrency from 29 to 28; reason: success ratio below threshold (connection struggling) (success_ratio = 1.000, threshold = 0.500)"},"filename":"D:\\a\\xet-core\\xet-core\\xet_client\\src\\cas_client\\adaptive_concurrency\\controller.rs","line_number":581}
{"timestamp":"2026-06-28T12:27:05.942167Z","level":"INFO","fields":{"message":"Concurrency control for download: Decreased concurrency from 28 to 27; reason: success ratio below threshold (connection struggling) (success_ratio = 1.000, threshold = 0.500)"},"filename":"D:\\a\\xet-core\\xet-core\\xet_client\\src\\cas_client\\adaptive_concurrency\\controller.rs","line_number":581}
{"timestamp":"2026-06-28T12:27:06.490573Z","level":"INFO","fields":{"message":"Concurrency control for download: Decreased concurrency from 27 to 26; reason: success ratio below threshold (connection struggling) (success_ratio = 1.000, threshold = 0.500)"},"filename":"D:\\a\\xet-core\\xet-core\\xet_client\\src\\cas_client\\adaptive_concurrency\\controller.rs","line_number":581}
{"timestamp":"2026-06-28T12:27:07.040679Z","level":"INFO","fields":{"message":"Concurrency control for download: Decreased concurrency from 26 to 25; reason: success ratio below threshold (connection struggling) (success_ratio = 1.000, threshold = 0.500)"},"filename":"D:\\a\\xet-core\\xet-core\\xet_client\\src\\cas_client\\adaptive_concurrency\\controller.rs","line_number":581}
{"timestamp":"2026-06-28T12:27:07.584928Z","level":"INFO","fields":{"message":"Concurrency control for download: Decreased concurrency from 25 to 24; reason: success ratio below threshold (connection struggling) (success_ratio = 1.000, threshold = 0.500)"},"filename":"D:\\a\\xet-core\\xet-core\\xet_client\\src\\cas_client\\adaptive_concurrency\\controller.rs","line_number":581}
{"timestamp":"2026-06-28T12:27:08.086414Z","level":"INFO","fields":{"message":"Concurrency control for download: Increased concurrency from 24 to 25; reason: success ratio 1.000 is above threshold 0.800 and predicted RTT for 41MB at new concurrency is 35.69s < target 60.0s"},"filename":"D:\\a\\xet-core\\xet-core\\xet_client\\src\\cas_client\\adaptive_concurrency\\controller.rs","line_number":543}
{"timestamp":"2026-06-28T12:27:08.598220Z","level":"INFO","fields":{"message":"Concurrency control for download: Increased concurrency from 25 to 26; reason: success ratio 1.000 is above threshold 0.800 and predicted RTT for 41MB at new concurrency is 36.18s < target 60.0s"},"filename":"D:\\a\\xet-core\\xet-core\\xet_client\\src\\cas_client\\adaptive_concurrency\\controller.rs","line_number":543}
{"timestamp":"2026-06-28T12:27:09.123450Z","level":"INFO","fields":{"message":"Concurrency control for download: Increased concurrency from 26 to 27; reason: success ratio 1.000 is above threshold 0.800 and predicted RTT for 41MB at new concurrency is 44.13s < target 60.0s"},"filename":"D:\\a\\xet-core\\xet-core\\xet_client\\src\\cas_client\\adaptive_concurrency\\controller.rs","line_number":543}
{"timestamp":"2026-06-28T12:27:09.624714Z","level":"INFO","fields":{"message":"Concurrency control for download: Increased concurrency from 27 to 28; reason: success ratio 1.000 is above threshold 0.800 and predicted RTT for 41MB at new concurrency is 44.15s < target 60.0s"},"filename":"D:\\a\\xet-core\\xet-core\\xet_client\\src\\cas_client\\adaptive_concurrency\\controller.rs","line_number":543}
{"timestamp":"2026-06-28T12:27:10.125320Z","level":"INFO","fields":{"message":"Concurrency control for download: Increased concurrency from 28 to 29; reason: success ratio 1.000 is above threshold 0.800 and predicted RTT for 41MB at new concurrency is 43.45s < target 60.0s"},"filename":"D:\\a\\xet-core\\xet-core\\xet_client\\src\\cas_client\\adaptive_concurrency\\controller.rs","line_number":543}
{"timestamp":"2026-06-28T12:27:10.502330Z","level":"INFO","fields":{"message":"Concurrency control for download: Current concurrency = 29; predicted bandwidth = 328508; success_ratio = 1.000; reference_size = 42.0MB; observed bytes sent so far = 957568882; completed transmissions = 78"},"filename":"D:\\a\\xet-core\\xet-core\\xet_client\\src\\cas_client\\adaptive_concurrency\\controller.rs","line_number":597}
{"timestamp":"2026-06-28T12:27:10.638318Z","level":"INFO","fields":{"message":"Concurrency control for download: Increased concurrency from 29 to 30; reason: success ratio 1.000 is above threshold 0.800 and predicted RTT for 41MB at new concurrency is 43.40s < target 60.0s"},"filename":"D:\\a\\xet-core\\xet-core\\xet_client\\src\\cas_client\\adaptive_concurrency\\controller.rs","line_number":543}
{"timestamp":"2026-06-28T12:27:10.638373Z","level":"INFO","fields":{"message":"Retry strategy","max_attempts":5,"base_delay":"3s","no_retry_on_429":false},"filename":"D:\\a\\xet-core\\xet-core\\xet_client\\src\\cas_client\\retry_wrapper.rs","line_number":235}
{"timestamp":"2026-06-28T12:27:10.826865Z","level":"INFO","fields":{"message":"Received CAS response","request_id":"01KW735BX38DXWDDVAPX2GKNK3","status_code":206},"filename":"D:\\a\\xet-core\\xet-core\\xet_client\\src\\common\\http_client.rs","line_number":288}
{"timestamp":"2026-06-28T12:27:10.826888Z","level":"INFO","fields":{"message":"Request Success: s3::get_range api call succeeded (request id 01KW735BX38DXWDDVAPX2GKNK3)."},"filename":"D:\\a\\xet-core\\xet-core\\xet_client\\src\\cas_client\\retry_wrapper.rs","line_number":196}
{"timestamp":"2026-06-28T12:27:11.144749Z","level":"INFO","fields":{"message":"Concurrency control for download: Increased concurrency from 30 to 31; reason: success ratio 1.000 is above threshold 0.800 and predicted RTT for 41MB at new concurrency is 59.10s < target 60.0s"},"filename":"D:\\a\\xet-core\\xet-core\\xet_client\\src\\cas_client\\adaptive_concurrency\\controller.rs","line_number":543}
{"timestamp":"2026-06-28T12:27:11.144800Z","level":"INFO","fields":{"message":"Retry strategy","max_attempts":5,"base_delay":"3s","no_retry_on_429":false},"filename":"D:\\a\\xet-core\\xet-core\\xet_client\\src\\cas_client\\retry_wrapper.rs","line_number":235}
{"timestamp":"2026-06-28T12:27:11.432711Z","level":"INFO","fields":{"message":"Received CAS response","request_id":"01KW735CCBDRNVZ8MWDEMCWS18","status_code":206},"filename":"D:\\a\\xet-core\\xet-core\\xet_client\\src\\common\\http_client.rs","line_number":288}
{"timestamp":"2026-06-28T12:27:11.432736Z","level":"INFO","fields":{"message":"Request Success: s3::get_range api call succeeded (request id 01KW735CCBDRNVZ8MWDEMCWS18)."},"filename":"D:\\a\\xet-core\\xet-core\\xet_client\\src\\cas_client\\retry_wrapper.rs","line_number":196}
{"timestamp":"2026-06-28T12:27:11.755740Z","level":"INFO","fields":{"message":"Concurrency control for download: Decreased concurrency from 31 to 30; reason: success ratio below threshold (connection struggling) (success_ratio = 1.000, threshold = 0.500)"},"filename":"D:\\a\\xet-core\\xet-core\\xet_client\\src\\cas_client\\adaptive_concurrency\\controller.rs","line_number":581}
{"timestamp":"2026-06-28T12:27:12.331001Z","level":"INFO","fields":{"message":"Concurrency control for download: Decreased concurrency from 30 to 29; reason: success ratio below threshold (connection struggling) (success_ratio = 1.000, threshold = 0.500)"},"filename":"D:\\a\\xet-core\\xet-core\\xet_client\\src\\cas_client\\adaptive_concurrency\\controller.rs","line_number":581}
{"timestamp":"2026-06-28T12:27:12.840068Z","level":"INFO","fields":{"message":"Concurrency control for download: Decreased concurrency from 29 to 28; reason: success ratio below threshold (connection struggling) (success_ratio = 1.000, threshold = 0.500)"},"filename":"D:\\a\\xet-core\\xet-core\\xet_client\\src\\cas_client\\adaptive_concurrency\\controller.rs","line_number":581}
{"timestamp":"2026-06-28T12:27:13.342100Z","level":"INFO","fields":{"message":"Concurrency control for download: Increased concurrency from 28 to 29; reason: success ratio 1.000 is above threshold 0.800 and predicted RTT for 40MB at new concurrency is 0.00s < target 60.0s"},"filename":"D:\\a\\xet-core\\xet-core\\xet_client\\src\\cas_client\\adaptive_concurrency\\controller.rs","line_number":543}
{"timestamp":"2026-06-28T12:27:13.342170Z","level":"INFO","fields":{"message":"Retry strategy","max_attempts":5,"base_delay":"3s","no_retry_on_429":false},"filename":"D:\\a\\xet-core\\xet-core\\xet_client\\src\\cas_client\\retry_wrapper.rs","line_number":235}
{"timestamp":"2026-06-28T12:27:13.622018Z","level":"INFO","fields":{"message":"Received CAS response","request_id":"01KW735EJ80J42J1AWF5DYAEGW","status_code":206},"filename":"D:\\a\\xet-core\\xet-core\\xet_client\\src\\common\\http_client.rs","line_number":288}
{"timestamp":"2026-06-28T12:27:13.622042Z","level":"INFO","fields":{"message":"Request Success: s3::get_range api call succeeded (request id 01KW735EJ80J42J1AWF5DYAEGW)."},"filename":"D:\\a\\xet-core\\xet-core\\xet_client\\src\\cas_client\\retry_wrapper.rs","line_number":196}
{"timestamp":"2026-06-28T12:27:13.851352Z","level":"INFO","fields":{"message":"Concurrency control for download: Increased concurrency from 29 to 30; reason: success ratio 1.000 is above threshold 0.800 and predicted RTT for 40MB at new concurrency is 0.29s < target 60.0s"},"filename":"D:\\a\\xet-core\\xet-core\\xet_client\\src\\cas_client\\adaptive_concurrency\\controller.rs","line_number":543}
{"timestamp":"2026-06-28T12:27:13.851402Z","level":"INFO","fields":{"message":"Retry strategy","max_attempts":5,"base_delay":"3s","no_retry_on_429":false},"filename":"D:\\a\\xet-core\\xet-core\\xet_client\\src\\cas_client\\retry_wrapper.rs","line_number":235}
{"timestamp":"2026-06-28T12:27:14.229543Z","level":"INFO","fields":{"message":"Received CAS response","request_id":"01KW735F329J9FN1NT1PCP9ERN","status_code":206},"filename":"D:\\a\\xet-core\\xet-core\\xet_client\\src\\common\\http_client.rs","line_number":288}
{"timestamp":"2026-06-28T12:27:14.229575Z","level":"INFO","fields":{"message":"Request Success: s3::get_range api call succeeded (request id 01KW735F329J9FN1NT1PCP9ERN)."},"filename":"D:\\a\\xet-core\\xet-core\\xet_client\\src\\cas_client\\retry_wrapper.rs","line_number":196}
{"timestamp":"2026-06-28T12:27:14.354633Z","level":"INFO","fields":{"message":"Concurrency control for download: Increased concurrency from 30 to 31; reason: success ratio 1.000 is above threshold 0.800 and predicted RTT for 40MB at new concurrency is 4.90s < target 60.0s"},"filename":"D:\\a\\xet-core\\xet-core\\xet_client\\src\\cas_client\\adaptive_concurrency\\controller.rs","line_number":543}
{"timestamp":"2026-06-28T12:27:14.354796Z","level":"INFO","fields":{"message":"Retry strategy","max_attempts":5,"base_delay":"3s","no_retry_on_429":false},"filename":"D:\\a\\xet-core\\xet-core\\xet_client\\src\\cas_client\\retry_wrapper.rs","line_number":235}
{"timestamp":"2026-06-28T12:27:14.376784Z","level":"INFO","fields":{"message":"Retry strategy","max_attempts":5,"base_delay":"3s","no_retry_on_429":false},"filename":"D:\\a\\xet-core\\xet-core\\xet_client\\src\\cas_client\\retry_wrapper.rs","line_number":235}
{"timestamp":"2026-06-28T12:27:14.667761Z","level":"INFO","fields":{"message":"Received CAS response","request_id":"01KW735FHACYD0GF09GYCRPSM5","status_code":206},"filename":"D:\\a\\xet-core\\xet-core\\xet_client\\src\\common\\http_client.rs","line_number":288}
{"timestamp":"2026-06-28T12:27:14.667780Z","level":"INFO","fields":{"message":"Request Success: s3::get_range api call succeeded (request id 01KW735FHACYD0GF09GYCRPSM5)."},"filename":"D:\\a\\xet-core\\xet-core\\xet_client\\src\\cas_client\\retry_wrapper.rs","line_number":196}
{"timestamp":"2026-06-28T12:27:14.667947Z","level":"INFO","fields":{"message":"Received CAS response","request_id":"01KW735FH64FS2HD7R68FHYARS","status_code":206},"filename":"D:\\a\\xet-core\\xet-core\\xet_client\\src\\common\\http_client.rs","line_number":288}
{"timestamp":"2026-06-28T12:27:14.667954Z","level":"INFO","fields":{"message":"Request Success: s3::get_range api call succeeded (request id 01KW735FH64FS2HD7R68FHYARS)."},"filename":"D:\\a\\xet-core\\xet-core\\xet_client\\src\\cas_client\\retry_wrapper.rs","line_number":196}
{"timestamp":"2026-06-28T12:27:14.860490Z","level":"INFO","fields":{"message":"Concurrency control for download: Decreased concurrency from 31 to 30; reason: success ratio below threshold (connection struggling) (success_ratio = 1.000, threshold = 0.500)"},"filename":"D:\\a\\xet-core\\xet-core\\xet_client\\src\\cas_client\\adaptive_concurrency\\controller.rs","line_number":581}
{"timestamp":"2026-06-28T12:27:15.504419Z","level":"INFO","fields":{"message":"Concurrency control for download: Decreased concurrency from 30 to 29; reason: success ratio below threshold (connection struggling) (success_ratio = 1.000, threshold = 0.500)"},"filename":"D:\\a\\xet-core\\xet-core\\xet_client\\src\\cas_client\\adaptive_concurrency\\controller.rs","line_number":581}
{"timestamp":"2026-06-28T12:27:15.785565Z","level":"INFO","fields":{"message":"Retry strategy","max_attempts":5,"base_delay":"3s","no_retry_on_429":false},"filename":"D:\\a\\xet-core\\xet-core\\xet_client\\src\\cas_client\\retry_wrapper.rs","line_number":235}
{"timestamp":"2026-06-28T12:27:16.014235Z","level":"INFO","fields":{"message":"Concurrency control for download: Decreased concurrency from 29 to 28; reason: success ratio below threshold (connection struggling) (success_ratio = 1.000, threshold = 0.500)"},"filename":"D:\\a\\xet-core\\xet-core\\xet_client\\src\\cas_client\\adaptive_concurrency\\controller.rs","line_number":581}
{"timestamp":"2026-06-28T12:27:16.121712Z","level":"INFO","fields":{"message":"Received CAS response","request_id":"01KW735GYT1R8MTBKCDGRGV5D3","status_code":206},"filename":"D:\\a\\xet-core\\xet-core\\xet_client\\src\\common\\http_client.rs","line_number":288}
{"timestamp":"2026-06-28T12:27:16.121744Z","level":"INFO","fields":{"message":"Request Success: s3::get_range api call succeeded (request id 01KW735GYT1R8MTBKCDGRGV5D3)."},"filename":"D:\\a\\xet-core\\xet-core\\xet_client\\src\\cas_client\\retry_wrapper.rs","line_number":196}
{"timestamp":"2026-06-28T12:27:16.517053Z","level":"INFO","fields":{"message":"Concurrency control for download: Decreased concurrency from 28 to 27; reason: success ratio below threshold (connection struggling) (success_ratio = 1.000, threshold = 0.500)"},"filename":"D:\\a\\xet-core\\xet-core\\xet_client\\src\\cas_client\\adaptive_concurrency\\controller.rs","line_number":581}
{"timestamp":"2026-06-28T12:27:17.029432Z","level":"INFO","fields":{"message":"Concurrency control for download: Decreased concurrency from 27 to 26; reason: success ratio below threshold (connection struggling) (success_ratio = 1.000, threshold = 0.500)"},"filename":"D:\\a\\xet-core\\xet-core\\xet_client\\src\\cas_client\\adaptive_concurrency\\controller.rs","line_number":581}
{"timestamp":"2026-06-28T12:27:17.578441Z","level":"INFO","fields":{"message":"Concurrency control for download: Decreased concurrency from 26 to 25; reason: success ratio below threshold (connection struggling) (success_ratio = 1.000, threshold = 0.500)"},"filename":"D:\\a\\xet-core\\xet-core\\xet_client\\src\\cas_client\\adaptive_concurrency\\controller.rs","line_number":581}
{"timestamp":"2026-06-28T12:27:18.205594Z","level":"INFO","fields":{"message":"Concurrency control for download: Decreased concurrency from 25 to 24; reason: success ratio below threshold (connection struggling) (success_ratio = 1.000, threshold = 0.500)"},"filename":"D:\\a\\xet-core\\xet-core\\xet_client\\src\\cas_client\\adaptive_concurrency\\controller.rs","line_number":581}
{"timestamp":"2026-06-28T12:27:18.736387Z","level":"INFO","fields":{"message":"Concurrency control for download: Decreased concurrency from 24 to 23; reason: success ratio below threshold (connection struggling) (success_ratio = 1.000, threshold = 0.500)"},"filename":"D:\\a\\xet-core\\xet-core\\xet_client\\src\\cas_client\\adaptive_concurrency\\controller.rs","line_number":581}
{"timestamp":"2026-06-28T12:27:19.358953Z","level":"INFO","fields":{"message":"Concurrency control for download: Decreased concurrency from 23 to 22; reason: success ratio below threshold (connection struggling) (success_ratio = 1.000, threshold = 0.500)"},"filename":"D:\\a\\xet-core\\xet-core\\xet_client\\src\\cas_client\\adaptive_concurrency\\controller.rs","line_number":581}
{"timestamp":"2026-06-28T12:27:19.889623Z","level":"INFO","fields":{"message":"Concurrency control for download: Decreased concurrency from 22 to 21; reason: success ratio below threshold (connection struggling) (success_ratio = 1.000, threshold = 0.500)"},"filename":"D:\\a\\xet-core\\xet-core\\xet_client\\src\\cas_client\\adaptive_concurrency\\controller.rs","line_number":581}
{"timestamp":"2026-06-28T12:27:20.429697Z","level":"INFO","fields":{"message":"Concurrency control for download: Decreased concurrency from 21 to 20; reason: success ratio below threshold (connection struggling) (success_ratio = 1.000, threshold = 0.500)"},"filename":"D:\\a\\xet-core\\xet-core\\xet_client\\src\\cas_client\\adaptive_concurrency\\controller.rs","line_number":581}
{"timestamp":"2026-06-28T12:27:20.505011Z","level":"INFO","fields":{"message":"Concurrency control for download: Current concurrency = 20; predicted bandwidth = 10485760000000; success_ratio = 1.000; reference_size = 39.3MB; observed bytes sent so far = 1020005131; completed transmissions = 90"},"filename":"D:\\a\\xet-core\\xet-core\\xet_client\\src\\cas_client\\adaptive_concurrency\\controller.rs","line_number":597}
{"timestamp":"2026-06-28T12:27:21.025457Z","level":"INFO","fields":{"message":"Concurrency control for download: Decreased concurrency from 20 to 19; reason: success ratio below threshold (connection struggling) (success_ratio = 1.000, threshold = 0.500)"},"filename":"D:\\a\\xet-core\\xet-core\\xet_client\\src\\cas_client\\adaptive_concurrency\\controller.rs","line_number":581}
{"timestamp":"2026-06-28T12:27:21.616408Z","level":"INFO","fields":{"message":"Concurrency control for download: Decreased concurrency from 19 to 18; reason: success ratio below threshold (connection struggling) (success_ratio = 1.000, threshold = 0.500)"},"filename":"D:\\a\\xet-core\\xet-core\\xet_client\\src\\cas_client\\adaptive_concurrency\\controller.rs","line_number":581}
{"timestamp":"2026-06-28T12:27:22.180951Z","level":"INFO","fields":{"message":"Concurrency control for download: Decreased concurrency from 18 to 17; reason: success ratio below threshold (connection struggling) (success_ratio = 1.000, threshold = 0.500)"},"filename":"D:\\a\\xet-core\\xet-core\\xet_client\\src\\cas_client\\adaptive_concurrency\\controller.rs","line_number":581}
{"timestamp":"2026-06-28T12:27:22.812354Z","level":"INFO","fields":{"message":"Concurrency control for download: Decreased concurrency from 17 to 16; reason: success ratio below threshold (connection struggling) (success_ratio = 1.000, threshold = 0.500)"},"filename":"D:\\a\\xet-core\\xet-core\\xet_client\\src\\cas_client\\adaptive_concurrency\\controller.rs","line_number":581}
{"timestamp":"2026-06-28T12:27:23.383582Z","level":"INFO","fields":{"message":"Concurrency control for download: Decreased concurrency from 16 to 15; reason: success ratio below threshold (connection struggling) (success_ratio = 1.000, threshold = 0.500)"},"filename":"D:\\a\\xet-core\\xet-core\\xet_client\\src\\cas_client\\adaptive_concurrency\\controller.rs","line_number":581}
{"timestamp":"2026-06-28T12:27:24.031384Z","level":"INFO","fields":{"message":"Concurrency control for download: Decreased concurrency from 15 to 14; reason: success ratio below threshold (connection struggling) (success_ratio = 1.000, threshold = 0.500)"},"filename":"D:\\a\\xet-core\\xet-core\\xet_client\\src\\cas_client\\adaptive_concurrency\\controller.rs","line_number":581}
{"timestamp":"2026-06-28T12:27:24.617915Z","level":"INFO","fields":{"message":"Concurrency control for download: Decreased concurrency from 14 to 13; reason: success ratio below threshold (connection struggling) (success_ratio = 1.000, threshold = 0.500)"},"filename":"D:\\a\\xet-core\\xet-core\\xet_client\\src\\cas_client\\adaptive_concurrency\\controller.rs","line_number":581}
{"timestamp":"2026-06-28T12:27:25.128051Z","level":"INFO","fields":{"message":"Concurrency control for download: Increased concurrency from 13 to 14; reason: success ratio 1.000 is above threshold 0.800 and predicted RTT for 38MB at new concurrency is 59.54s < target 60.0s"},"filename":"D:\\a\\xet-core\\xet-core\\xet_client\\src\\cas_client\\adaptive_concurrency\\controller.rs","line_number":543}
{"timestamp":"2026-06-28T12:27:25.632681Z","level":"INFO","fields":{"message":"Concurrency control for download: Increased concurrency from 14 to 15; reason: success ratio 1.000 is above threshold 0.800 and predicted RTT for 38MB at new concurrency is 12.96s < target 60.0s"},"filename":"D:\\a\\xet-core\\xet-core\\xet_client\\src\\cas_client\\adaptive_concurrency\\controller.rs","line_number":543}
{"timestamp":"2026-06-28T12:27:26.135731Z","level":"INFO","fields":{"message":"Concurrency control for download: Increased concurrency from 15 to 16; reason: success ratio 1.000 is above threshold 0.800 and predicted RTT for 38MB at new concurrency is 9.56s < target 60.0s"},"filename":"D:\\a\\xet-core\\xet-core\\xet_client\\src\\cas_client\\adaptive_concurrency\\controller.rs","line_number":543}
{"timestamp":"2026-06-28T12:27:26.644622Z","level":"INFO","fields":{"message":"Concurrency control for download: Increased concurrency from 16 to 17; reason: success ratio 1.000 is above threshold 0.800 and predicted RTT for 38MB at new concurrency is 15.69s < target 60.0s"},"filename":"D:\\a\\xet-core\\xet-core\\xet_client\\src\\cas_client\\adaptive_concurrency\\controller.rs","line_number":543}
{"timestamp":"2026-06-28T12:27:27.147570Z","level":"INFO","fields":{"message":"Concurrency control for download: Increased concurrency from 17 to 18; reason: success ratio 1.000 is above threshold 0.800 and predicted RTT for 38MB at new concurrency is 15.30s < target 60.0s"},"filename":"D:\\a\\xet-core\\xet-core\\xet_client\\src\\cas_client\\adaptive_concurrency\\controller.rs","line_number":543}
{"timestamp":"2026-06-28T12:27:27.770347Z","level":"INFO","fields":{"message":"Concurrency control for download: Decreased concurrency from 18 to 17; reason: success ratio below threshold (connection struggling) (success_ratio = 1.000, threshold = 0.500)"},"filename":"D:\\a\\xet-core\\xet-core\\xet_client\\src\\cas_client\\adaptive_concurrency\\controller.rs","line_number":581}
{"timestamp":"2026-06-28T12:27:28.439806Z","level":"INFO","fields":{"message":"Concurrency control for download: Decreased concurrency from 17 to 16; reason: success ratio below threshold (connection struggling) (success_ratio = 1.000, threshold = 0.500)"},"filename":"D:\\a\\xet-core\\xet-core\\xet_client\\src\\cas_client\\adaptive_concurrency\\controller.rs","line_number":581}
{"timestamp":"2026-06-28T12:27:29.076741Z","level":"INFO","fields":{"message":"Concurrency control for download: Decreased concurrency from 16 to 15; reason: success ratio below threshold (connection struggling) (success_ratio = 1.000, threshold = 0.500)"},"filename":"D:\\a\\xet-core\\xet-core\\xet_client\\src\\cas_client\\adaptive_concurrency\\controller.rs","line_number":581}
{"timestamp":"2026-06-28T12:27:29.611988Z","level":"INFO","fields":{"message":"Concurrency control for download: Increased concurrency from 15 to 16; reason: success ratio 1.000 is above threshold 0.800 and predicted RTT for 37MB at new concurrency is 58.70s < target 60.0s"},"filename":"D:\\a\\xet-core\\xet-core\\xet_client\\src\\cas_client\\adaptive_concurrency\\controller.rs","line_number":543}
{"timestamp":"2026-06-28T12:27:29.979579Z","level":"INFO","fields":{"message":"Retry strategy","max_attempts":5,"base_delay":"3s","no_retry_on_429":false},"filename":"D:\\a\\xet-core\\xet-core\\xet_client\\src\\cas_client\\retry_wrapper.rs","line_number":235}
{"timestamp":"2026-06-28T12:27:30.126122Z","level":"INFO","fields":{"message":"Concurrency control for download: Increased concurrency from 16 to 17; reason: success ratio 1.000 is above threshold 0.800 and predicted RTT for 36MB at new concurrency is 48.45s < target 60.0s"},"filename":"D:\\a\\xet-core\\xet-core\\xet_client\\src\\cas_client\\adaptive_concurrency\\controller.rs","line_number":543}
{"timestamp":"2026-06-28T12:27:30.126168Z","level":"INFO","fields":{"message":"Retry strategy","max_attempts":5,"base_delay":"3s","no_retry_on_429":false},"filename":"D:\\a\\xet-core\\xet-core\\xet_client\\src\\cas_client\\retry_wrapper.rs","line_number":235}
{"timestamp":"2026-06-28T12:27:30.190107Z","level":"INFO","fields":{"message":"Received CAS response","request_id":"01KW735YRSS73FBCKH7V0B2794","status_code":206},"filename":"D:\\a\\xet-core\\xet-core\\xet_client\\src\\common\\http_client.rs","line_number":288}
{"timestamp":"2026-06-28T12:27:30.190133Z","level":"INFO","fields":{"message":"Request Success: s3::get_range api call succeeded (request id 01KW735YRSS73FBCKH7V0B2794)."},"filename":"D:\\a\\xet-core\\xet-core\\xet_client\\src\\cas_client\\retry_wrapper.rs","line_number":196}
{"timestamp":"2026-06-28T12:27:30.447172Z","level":"INFO","fields":{"message":"Received CAS response","request_id":"01KW735YXEZYYA3SYV02JMF8NY","status_code":206},"filename":"D:\\a\\xet-core\\xet-core\\xet_client\\src\\common\\http_client.rs","line_number":288}
{"timestamp":"2026-06-28T12:27:30.447401Z","level":"INFO","fields":{"message":"Request Success: s3::get_range api call succeeded (request id 01KW735YXEZYYA3SYV02JMF8NY)."},"filename":"D:\\a\\xet-core\\xet-core\\xet_client\\src\\cas_client\\retry_wrapper.rs","line_number":196}
{"timestamp":"2026-06-28T12:27:30.526350Z","level":"INFO","fields":{"message":"Concurrency control for download: Current concurrency = 17; predicted bandwidth = 126176; success_ratio = 1.000; reference_size = 36.9MB; observed bytes sent so far = 1079958419; completed transmissions = 99"},"filename":"D:\\a\\xet-core\\xet-core\\xet_client\\src\\cas_client\\adaptive_concurrency\\controller.rs","line_number":597}
{"timestamp":"2026-06-28T12:27:30.652329Z","level":"INFO","fields":{"message":"Concurrency control for download: Increased concurrency from 17 to 18; reason: success ratio 1.000 is above threshold 0.800 and predicted RTT for 36MB at new concurrency is 48.28s < target 60.0s"},"filename":"D:\\a\\xet-core\\xet-core\\xet_client\\src\\cas_client\\adaptive_concurrency\\controller.rs","line_number":543}
{"timestamp":"2026-06-28T12:27:30.652400Z","level":"INFO","fields":{"message":"Retry strategy","max_attempts":5,"base_delay":"3s","no_retry_on_429":false},"filename":"D:\\a\\xet-core\\xet-core\\xet_client\\src\\cas_client\\retry_wrapper.rs","line_number":235}
{"timestamp":"2026-06-28T12:27:31.123049Z","level":"INFO","fields":{"message":"Received CAS response","request_id":"01KW735ZE2TZE9T29H2TCYXN4H","status_code":206},"filename":"D:\\a\\xet-core\\xet-core\\xet_client\\src\\common\\http_client.rs","line_number":288}
{"timestamp":"2026-06-28T12:27:31.123362Z","level":"INFO","fields":{"message":"Request Success: s3::get_range api call succeeded (request id 01KW735ZE2TZE9T29H2TCYXN4H)."},"filename":"D:\\a\\xet-core\\xet-core\\xet_client\\src\\cas_client\\retry_wrapper.rs","line_number":196}
{"timestamp":"2026-06-28T12:27:31.153836Z","level":"INFO","fields":{"message":"Concurrency control for download: Increased concurrency from 18 to 19; reason: success ratio 1.000 is above threshold 0.800 and predicted RTT for 36MB at new concurrency is 50.45s < target 60.0s"},"filename":"D:\\a\\xet-core\\xet-core\\xet_client\\src\\cas_client\\adaptive_concurrency\\controller.rs","line_number":543}
{"timestamp":"2026-06-28T12:27:31.153955Z","level":"INFO","fields":{"message":"Retry strategy","max_attempts":5,"base_delay":"3s","no_retry_on_429":false},"filename":"D:\\a\\xet-core\\xet-core\\xet_client\\src\\cas_client\\retry_wrapper.rs","line_number":235}
{"timestamp":"2026-06-28T12:27:31.212776Z","level":"INFO","fields":{"message":"Retry strategy","max_attempts":5,"base_delay":"3s","no_retry_on_429":false},"filename":"D:\\a\\xet-core\\xet-core\\xet_client\\src\\cas_client\\retry_wrapper.rs","line_number":235}
{"timestamp":"2026-06-28T12:27:31.669899Z","level":"INFO","fields":{"message":"Concurrency control for download: Decreased concurrency from 19 to 18; reason: success ratio below threshold (connection struggling) (success_ratio = 1.000, threshold = 0.500)"},"filename":"D:\\a\\xet-core\\xet-core\\xet_client\\src\\cas_client\\adaptive_concurrency\\controller.rs","line_number":581}
{"timestamp":"2026-06-28T12:27:31.694003Z","level":"INFO","fields":{"message":"Received CAS response","request_id":"01KW735ZY3GXECR6YFCVPJKF7M","status_code":206},"filename":"D:\\a\\xet-core\\xet-core\\xet_client\\src\\common\\http_client.rs","line_number":288}
{"timestamp":"2026-06-28T12:27:31.694036Z","level":"INFO","fields":{"message":"Request Success: s3::get_range api call succeeded (request id 01KW735ZY3GXECR6YFCVPJKF7M)."},"filename":"D:\\a\\xet-core\\xet-core\\xet_client\\src\\cas_client\\retry_wrapper.rs","line_number":196}
{"timestamp":"2026-06-28T12:27:31.782952Z","level":"INFO","fields":{"message":"Received CAS response","request_id":"01KW73600NDHVJEJJMQAMW9V25","status_code":206},"filename":"D:\\a\\xet-core\\xet-core\\xet_client\\src\\common\\http_client.rs","line_number":288}
{"timestamp":"2026-06-28T12:27:31.782983Z","level":"INFO","fields":{"message":"Request Success: s3::get_range api call succeeded (request id 01KW73600NDHVJEJJMQAMW9V25)."},"filename":"D:\\a\\xet-core\\xet-core\\xet_client\\src\\cas_client\\retry_wrapper.rs","line_number":196}
{"timestamp":"2026-06-28T12:27:32.171241Z","level":"INFO","fields":{"message":"Concurrency control for download: Decreased concurrency from 18 to 17; reason: success ratio below threshold (connection struggling) (success_ratio = 1.000, threshold = 0.500)"},"filename":"D:\\a\\xet-core\\xet-core\\xet_client\\src\\cas_client\\adaptive_concurrency\\controller.rs","line_number":581}
{"timestamp":"2026-06-28T12:27:32.793599Z","level":"INFO","fields":{"message":"Concurrency control for download: Decreased concurrency from 17 to 16; reason: success ratio below threshold (connection struggling) (success_ratio = 1.000, threshold = 0.500)"},"filename":"D:\\a\\xet-core\\xet-core\\xet_client\\src\\cas_client\\adaptive_concurrency\\controller.rs","line_number":581}
{"timestamp":"2026-06-28T12:27:33.300739Z","level":"INFO","fields":{"message":"Concurrency control for download: Increased concurrency from 16 to 17; reason: success ratio 1.000 is above threshold 0.800 and predicted RTT for 37MB at new concurrency is 29.29s < target 60.0s"},"filename":"D:\\a\\xet-core\\xet-core\\xet_client\\src\\cas_client\\adaptive_concurrency\\controller.rs","line_number":543}
{"timestamp":"2026-06-28T12:27:33.813235Z","level":"INFO","fields":{"message":"Concurrency control for download: Increased concurrency from 17 to 18; reason: success ratio 1.000 is above threshold 0.800 and predicted RTT for 37MB at new concurrency is 31.52s < target 60.0s"},"filename":"D:\\a\\xet-core\\xet-core\\xet_client\\src\\cas_client\\adaptive_concurrency\\controller.rs","line_number":543}
{"timestamp":"2026-06-28T12:27:33.813294Z","level":"INFO","fields":{"message":"Retry strategy","max_attempts":5,"base_delay":"3s","no_retry_on_429":false},"filename":"D:\\a\\xet-core\\xet-core\\xet_client\\src\\cas_client\\retry_wrapper.rs","line_number":235}
{"timestamp":"2026-06-28T12:27:34.083577Z","level":"INFO","fields":{"message":"Received CAS response","request_id":"01KW7362GWB5QEC82DQX4FT7VY","status_code":206},"filename":"D:\\a\\xet-core\\xet-core\\xet_client\\src\\common\\http_client.rs","line_number":288}
{"timestamp":"2026-06-28T12:27:34.083604Z","level":"INFO","fields":{"message":"Request Success: s3::get_range api call succeeded (request id 01KW7362GWB5QEC82DQX4FT7VY)."},"filename":"D:\\a\\xet-core\\xet-core\\xet_client\\src\\cas_client\\retry_wrapper.rs","line_number":196}
{"timestamp":"2026-06-28T12:27:34.249907Z","level":"INFO","fields":{"message":"Retry strategy","max_attempts":5,"base_delay":"3s","no_retry_on_429":false},"filename":"D:\\a\\xet-core\\xet-core\\xet_client\\src\\cas_client\\retry_wrapper.rs","line_number":235}
{"timestamp":"2026-06-28T12:27:34.302770Z","level":"INFO","fields":{"message":"Retry strategy","max_attempts":5,"base_delay":"3s","no_retry_on_429":false},"filename":"D:\\a\\xet-core\\xet-core\\xet_client\\src\\cas_client\\retry_wrapper.rs","line_number":235}
{"timestamp":"2026-06-28T12:27:34.346543Z","level":"INFO","fields":{"message":"Concurrency control for download: Decreased concurrency from 18 to 17; reason: success ratio below threshold (connection struggling) (success_ratio = 1.000, threshold = 0.500)"},"filename":"D:\\a\\xet-core\\xet-core\\xet_client\\src\\cas_client\\adaptive_concurrency\\controller.rs","line_number":581}
{"timestamp":"2026-06-28T12:27:34.490333Z","level":"INFO","fields":{"message":"Received CAS response","request_id":"01KW7362XZRM2EVAJQTC8RVQF6","status_code":206},"filename":"D:\\a\\xet-core\\xet-core\\xet_client\\src\\common\\http_client.rs","line_number":288}
{"timestamp":"2026-06-28T12:27:34.490358Z","level":"INFO","fields":{"message":"Request Success: s3::get_range api call succeeded (request id 01KW7362XZRM2EVAJQTC8RVQF6)."},"filename":"D:\\a\\xet-core\\xet-core\\xet_client\\src\\cas_client\\retry_wrapper.rs","line_number":196}
{"timestamp":"2026-06-28T12:27:34.562118Z","level":"INFO","fields":{"message":"Received CAS response","request_id":"01KW736308W16RA2PPHN08S9W3","status_code":206},"filename":"D:\\a\\xet-core\\xet-core\\xet_client\\src\\common\\http_client.rs","line_number":288}
{"timestamp":"2026-06-28T12:27:34.562142Z","level":"INFO","fields":{"message":"Request Success: s3::get_range api call succeeded (request id 01KW736308W16RA2PPHN08S9W3)."},"filename":"D:\\a\\xet-core\\xet-core\\xet_client\\src\\cas_client\\retry_wrapper.rs","line_number":196}
{"timestamp":"2026-06-28T12:27:34.993376Z","level":"INFO","fields":{"message":"Concurrency control for download: Decreased concurrency from 17 to 16; reason: success ratio below threshold (connection struggling) (success_ratio = 1.000, threshold = 0.500)"},"filename":"D:\\a\\xet-core\\xet-core\\xet_client\\src\\cas_client\\adaptive_concurrency\\controller.rs","line_number":581}
{"timestamp":"2026-06-28T12:27:35.509557Z","level":"INFO","fields":{"message":"Concurrency control for download: Decreased concurrency from 16 to 15; reason: success ratio below threshold (connection struggling) (success_ratio = 1.000, threshold = 0.500)"},"filename":"D:\\a\\xet-core\\xet-core\\xet_client\\src\\cas_client\\adaptive_concurrency\\controller.rs","line_number":581}
{"timestamp":"2026-06-28T12:27:36.103897Z","level":"INFO","fields":{"message":"Concurrency control for download: Decreased concurrency from 15 to 14; reason: success ratio below threshold (connection struggling) (success_ratio = 1.000, threshold = 0.500)"},"filename":"D:\\a\\xet-core\\xet-core\\xet_client\\src\\cas_client\\adaptive_concurrency\\controller.rs","line_number":581}
{"timestamp":"2026-06-28T12:27:36.736302Z","level":"INFO","fields":{"message":"Concurrency control for download: Decreased concurrency from 14 to 13; reason: success ratio below threshold (connection struggling) (success_ratio = 1.000, threshold = 0.500)"},"filename":"D:\\a\\xet-core\\xet-core\\xet_client\\src\\cas_client\\adaptive_concurrency\\controller.rs","line_number":581}
{"timestamp":"2026-06-28T12:27:37.400213Z","level":"INFO","fields":{"message":"Concurrency control for download: Decreased concurrency from 13 to 12; reason: success ratio below threshold (connection struggling) (success_ratio = 1.000, threshold = 0.500)"},"filename":"D:\\a\\xet-core\\xet-core\\xet_client\\src\\cas_client\\adaptive_concurrency\\controller.rs","line_number":581}
{"timestamp":"2026-06-28T12:27:38.097909Z","level":"INFO","fields":{"message":"Concurrency control for download: Decreased concurrency from 12 to 11; reason: success ratio below threshold (connection struggling) (success_ratio = 1.000, threshold = 0.500)"},"filename":"D:\\a\\xet-core\\xet-core\\xet_client\\src\\cas_client\\adaptive_concurrency\\controller.rs","line_number":581}
{"timestamp":"2026-06-28T12:27:38.627683Z","level":"INFO","fields":{"message":"Concurrency control for download: Decreased concurrency from 11 to 10; reason: success ratio below threshold (connection struggling) (success_ratio = 1.000, threshold = 0.500)"},"filename":"D:\\a\\xet-core\\xet-core\\xet_client\\src\\cas_client\\adaptive_concurrency\\controller.rs","line_number":581}
{"timestamp":"2026-06-28T12:27:39.218103Z","level":"INFO","fields":{"message":"Concurrency control for download: Decreased concurrency from 10 to 9; reason: success ratio below threshold (connection struggling) (success_ratio = 1.000, threshold = 0.500)"},"filename":"D:\\a\\xet-core\\xet-core\\xet_client\\src\\cas_client\\adaptive_concurrency\\controller.rs","line_number":581}
{"timestamp":"2026-06-28T12:27:39.754631Z","level":"INFO","fields":{"message":"Concurrency control for download: Decreased concurrency from 9 to 8; reason: success ratio below threshold (connection struggling) (success_ratio = 1.000, threshold = 0.500)"},"filename":"D:\\a\\xet-core\\xet-core\\xet_client\\src\\cas_client\\adaptive_concurrency\\controller.rs","line_number":581}
{"timestamp":"2026-06-28T12:27:40.258046Z","level":"INFO","fields":{"message":"Concurrency control for download: Decreased concurrency from 8 to 7; reason: success ratio below threshold (connection struggling) (success_ratio = 1.000, threshold = 0.500)"},"filename":"D:\\a\\xet-core\\xet-core\\xet_client\\src\\cas_client\\adaptive_concurrency\\controller.rs","line_number":581}
{"timestamp":"2026-06-28T12:27:40.617904Z","level":"INFO","fields":{"message":"Concurrency control for download: Current concurrency = 7; predicted bandwidth = 1501903; success_ratio = 1.000; reference_size = 37.4MB; observed bytes sent so far = 1136723334; completed transmissions = 110"},"filename":"D:\\a\\xet-core\\xet-core\\xet_client\\src\\cas_client\\adaptive_concurrency\\controller.rs","line_number":597}
{"timestamp":"2026-06-28T12:27:40.852735Z","level":"INFO","fields":{"message":"Concurrency control for download: Decreased concurrency from 7 to 6; reason: success ratio below threshold (connection struggling) (success_ratio = 1.000, threshold = 0.500)"},"filename":"D:\\a\\xet-core\\xet-core\\xet_client\\src\\cas_client\\adaptive_concurrency\\controller.rs","line_number":581}
{"timestamp":"2026-06-28T12:27:41.383910Z","level":"INFO","fields":{"message":"Concurrency control for download: Decreased concurrency from 6 to 5; reason: success ratio below threshold (connection struggling) (success_ratio = 1.000, threshold = 0.500)"},"filename":"D:\\a\\xet-core\\xet-core\\xet_client\\src\\cas_client\\adaptive_concurrency\\controller.rs","line_number":581}
{"timestamp":"2026-06-28T12:27:41.970423Z","level":"INFO","fields":{"message":"Concurrency control for download: Decreased concurrency from 5 to 4; reason: success ratio below threshold (connection struggling) (success_ratio = 1.000, threshold = 0.500)"},"filename":"D:\\a\\xet-core\\xet-core\\xet_client\\src\\cas_client\\adaptive_concurrency\\controller.rs","line_number":581}
{"timestamp":"2026-06-28T12:27:42.625874Z","level":"INFO","fields":{"message":"Concurrency control for download: Decreased concurrency from 4 to 3; reason: success ratio below threshold (connection struggling) (success_ratio = 1.000, threshold = 0.500)"},"filename":"D:\\a\\xet-core\\xet-core\\xet_client\\src\\cas_client\\adaptive_concurrency\\controller.rs","line_number":581}
{"timestamp":"2026-06-28T12:27:43.243858Z","level":"INFO","fields":{"message":"Concurrency control for download: Decreased concurrency from 3 to 2; reason: success ratio below threshold (connection struggling) (success_ratio = 1.000, threshold = 0.500)"},"filename":"D:\\a\\xet-core\\xet-core\\xet_client\\src\\cas_client\\adaptive_concurrency\\controller.rs","line_number":581}
{"timestamp":"2026-06-28T12:27:43.746570Z","level":"INFO","fields":{"message":"Concurrency control for download: Increased concurrency from 2 to 3; reason: success ratio 1.000 is above threshold 0.800 and predicted RTT for 37MB at new concurrency is 51.61s < target 60.0s"},"filename":"D:\\a\\xet-core\\xet-core\\xet_client\\src\\cas_client\\adaptive_concurrency\\controller.rs","line_number":543}
{"timestamp":"2026-06-28T12:27:44.297661Z","level":"INFO","fields":{"message":"Concurrency control for download: Decreased concurrency from 3 to 2; reason: success ratio below threshold (connection struggling) (success_ratio = 1.000, threshold = 0.500)"},"filename":"D:\\a\\xet-core\\xet-core\\xet_client\\src\\cas_client\\adaptive_concurrency\\controller.rs","line_number":581}
{"timestamp":"2026-06-28T12:27:44.800303Z","level":"INFO","fields":{"message":"Concurrency control for download: Increased concurrency from 2 to 3; reason: success ratio 1.000 is above threshold 0.800 and predicted RTT for 37MB at new concurrency is 48.34s < target 60.0s"},"filename":"D:\\a\\xet-core\\xet-core\\xet_client\\src\\cas_client\\adaptive_concurrency\\controller.rs","line_number":543}
{"timestamp":"2026-06-28T12:27:45.303771Z","level":"INFO","fields":{"message":"Concurrency control for download: Increased concurrency from 3 to 4; reason: success ratio 1.000 is above threshold 0.800 and predicted RTT for 37MB at new concurrency is 58.86s < target 60.0s"},"filename":"D:\\a\\xet-core\\xet-core\\xet_client\\src\\cas_client\\adaptive_concurrency\\controller.rs","line_number":543}
{"timestamp":"2026-06-28T12:27:45.806656Z","level":"INFO","fields":{"message":"Concurrency control for download: Increased concurrency from 4 to 5; reason: success ratio 1.000 is above threshold 0.800 and predicted RTT for 37MB at new concurrency is 57.09s < target 60.0s"},"filename":"D:\\a\\xet-core\\xet-core\\xet_client\\src\\cas_client\\adaptive_concurrency\\controller.rs","line_number":543}
{"timestamp":"2026-06-28T12:27:46.335583Z","level":"INFO","fields":{"message":"Concurrency control for download: Decreased concurrency from 5 to 4; reason: success ratio below threshold (connection struggling) (success_ratio = 1.000, threshold = 0.500)"},"filename":"D:\\a\\xet-core\\xet-core\\xet_client\\src\\cas_client\\adaptive_concurrency\\controller.rs","line_number":581}
{"timestamp":"2026-06-28T12:27:46.847506Z","level":"INFO","fields":{"message":"Concurrency control for download: Increased concurrency from 4 to 5; reason: success ratio 1.000 is above threshold 0.800 and predicted RTT for 37MB at new concurrency is 33.69s < target 60.0s"},"filename":"D:\\a\\xet-core\\xet-core\\xet_client\\src\\cas_client\\adaptive_concurrency\\controller.rs","line_number":543}
{"timestamp":"2026-06-28T12:27:47.350713Z","level":"INFO","fields":{"message":"Concurrency control for download: Increased concurrency from 5 to 6; reason: success ratio 1.000 is above threshold 0.800 and predicted RTT for 40MB at new concurrency is 52.06s < target 60.0s"},"filename":"D:\\a\\xet-core\\xet-core\\xet_client\\src\\cas_client\\adaptive_concurrency\\controller.rs","line_number":543}
{"timestamp":"2026-06-28T12:27:47.911190Z","level":"INFO","fields":{"message":"Concurrency control for download: Decreased concurrency from 6 to 5; reason: success ratio below threshold (connection struggling) (success_ratio = 1.000, threshold = 0.500)"},"filename":"D:\\a\\xet-core\\xet-core\\xet_client\\src\\cas_client\\adaptive_concurrency\\controller.rs","line_number":581}
{"timestamp":"2026-06-28T12:27:48.430199Z","level":"INFO","fields":{"message":"Concurrency control for download: Increased concurrency from 5 to 6; reason: success ratio 1.000 is above threshold 0.800 and predicted RTT for 40MB at new concurrency is 53.27s < target 60.0s"},"filename":"D:\\a\\xet-core\\xet-core\\xet_client\\src\\cas_client\\adaptive_concurrency\\controller.rs","line_number":543}
{"timestamp":"2026-06-28T12:27:49.114495Z","level":"INFO","fields":{"message":"Concurrency control for download: Decreased concurrency from 6 to 5; reason: success ratio below threshold (connection struggling) (success_ratio = 1.000, threshold = 0.500)"},"filename":"D:\\a\\xet-core\\xet-core\\xet_client\\src\\cas_client\\adaptive_concurrency\\controller.rs","line_number":581}
{"timestamp":"2026-06-28T12:27:49.690079Z","level":"INFO","fields":{"message":"Concurrency control for download: Increased concurrency from 5 to 6; reason: success ratio 1.000 is above threshold 0.800 and predicted RTT for 40MB at new concurrency is 54.93s < target 60.0s"},"filename":"D:\\a\\xet-core\\xet-core\\xet_client\\src\\cas_client\\adaptive_concurrency\\controller.rs","line_number":543}
{"timestamp":"2026-06-28T12:27:50.194344Z","level":"INFO","fields":{"message":"Concurrency control for download: Decreased concurrency from 6 to 5; reason: success ratio below threshold (connection struggling) (success_ratio = 1.000, threshold = 0.500)"},"filename":"D:\\a\\xet-core\\xet-core\\xet_client\\src\\cas_client\\adaptive_concurrency\\controller.rs","line_number":581}
{"timestamp":"2026-06-28T12:27:50.619396Z","level":"INFO","fields":{"message":"Concurrency control for download: Current concurrency = 5; predicted bandwidth = 10485760000000; success_ratio = 1.000; reference_size = 40.7MB; observed bytes sent so far = 1194791077; completed transmissions = 115"},"filename":"D:\\a\\xet-core\\xet-core\\xet_client\\src\\cas_client\\adaptive_concurrency\\controller.rs","line_number":597}
{"timestamp":"2026-06-28T12:27:50.752553Z","level":"INFO","fields":{"message":"Concurrency control for download: Decreased concurrency from 5 to 4; reason: success ratio below threshold (connection struggling) (success_ratio = 1.000, threshold = 0.500)"},"filename":"D:\\a\\xet-core\\xet-core\\xet_client\\src\\cas_client\\adaptive_concurrency\\controller.rs","line_number":581}
{"timestamp":"2026-06-28T12:27:51.443201Z","level":"INFO","fields":{"message":"Concurrency control for download: Decreased concurrency from 4 to 3; reason: success ratio below threshold (connection struggling) (success_ratio = 1.000, threshold = 0.500)"},"filename":"D:\\a\\xet-core\\xet-core\\xet_client\\src\\cas_client\\adaptive_concurrency\\controller.rs","line_number":581}
{"timestamp":"2026-06-28T12:27:52.067507Z","level":"INFO","fields":{"message":"Concurrency control for download: Decreased concurrency from 3 to 2; reason: success ratio below threshold (connection struggling) (success_ratio = 1.000, threshold = 0.500)"},"filename":"D:\\a\\xet-core\\xet-core\\xet_client\\src\\cas_client\\adaptive_concurrency\\controller.rs","line_number":581}
{"timestamp":"2026-06-28T12:27:52.568779Z","level":"INFO","fields":{"message":"Concurrency control for download: Increased concurrency from 2 to 3; reason: success ratio 1.000 is above threshold 0.800 and predicted RTT for 45MB at new concurrency is 53.07s < target 60.0s"},"filename":"D:\\a\\xet-core\\xet-core\\xet_client\\src\\cas_client\\adaptive_concurrency\\controller.rs","line_number":543}
{"timestamp":"2026-06-28T12:27:54.629184Z","level":"INFO","fields":{"message":"Retry strategy","max_attempts":5,"base_delay":"3s","no_retry_on_429":false},"filename":"D:\\a\\xet-core\\xet-core\\xet_client\\src\\cas_client\\retry_wrapper.rs","line_number":235}
{"timestamp":"2026-06-28T12:27:54.739949Z","level":"INFO","fields":{"message":"Received CAS response","request_id":"01KW736PV2EFDC8AWYRC9SRNJR","status_code":206},"filename":"D:\\a\\xet-core\\xet-core\\xet_client\\src\\common\\http_client.rs","line_number":288}
{"timestamp":"2026-06-28T12:27:54.739972Z","level":"INFO","fields":{"message":"Request Success: s3::get_range api call succeeded (request id 01KW736PV2EFDC8AWYRC9SRNJR)."},"filename":"D:\\a\\xet-core\\xet-core\\xet_client\\src\\cas_client\\retry_wrapper.rs","line_number":196}
{"timestamp":"2026-06-28T12:27:54.849478Z","level":"INFO","fields":{"message":"Retry strategy","max_attempts":5,"base_delay":"3s","no_retry_on_429":false},"filename":"D:\\a\\xet-core\\xet-core\\xet_client\\src\\cas_client\\retry_wrapper.rs","line_number":235}
{"timestamp":"2026-06-28T12:27:54.871845Z","level":"INFO","fields":{"message":"Retry strategy","max_attempts":5,"base_delay":"3s","no_retry_on_429":false},"filename":"D:\\a\\xet-core\\xet-core\\xet_client\\src\\cas_client\\retry_wrapper.rs","line_number":235}
{"timestamp":"2026-06-28T12:27:54.963425Z","level":"INFO","fields":{"message":"Received CAS response","request_id":"01KW736Q2175ES31WR63CBNWCM","status_code":206},"filename":"D:\\a\\xet-core\\xet-core\\xet_client\\src\\common\\http_client.rs","line_number":288}
{"timestamp":"2026-06-28T12:27:54.963465Z","level":"INFO","fields":{"message":"Request Success: s3::get_range api call succeeded (request id 01KW736Q2175ES31WR63CBNWCM)."},"filename":"D:\\a\\xet-core\\xet-core\\xet_client\\src\\cas_client\\retry_wrapper.rs","line_number":196}
{"timestamp":"2026-06-28T12:27:54.982072Z","level":"INFO","fields":{"message":"Received CAS response","request_id":"01KW736Q2E1Q19SG269A9TGS17","status_code":206},"filename":"D:\\a\\xet-core\\xet-core\\xet_client\\src\\common\\http_client.rs","line_number":288}
{"timestamp":"2026-06-28T12:27:54.982110Z","level":"INFO","fields":{"message":"Request Success: s3::get_range api call succeeded (request id 01KW736Q2E1Q19SG269A9TGS17)."},"filename":"D:\\a\\xet-core\\xet-core\\xet_client\\src\\cas_client\\retry_wrapper.rs","line_number":196}
{"timestamp":"2026-06-28T12:27:57.416637Z","level":"INFO","fields":{"message":"Concurrency control for download: Increased concurrency from 3 to 4; reason: success ratio 1.000 is above threshold 0.800 and predicted RTT for 47MB at new concurrency is 55.96s < target 60.0s"},"filename":"D:\\a\\xet-core\\xet-core\\xet_client\\src\\cas_client\\adaptive_concurrency\\controller.rs","line_number":543}
{"timestamp":"2026-06-28T12:27:57.416727Z","level":"INFO","fields":{"message":"Retry strategy","max_attempts":5,"base_delay":"3s","no_retry_on_429":false},"filename":"D:\\a\\xet-core\\xet-core\\xet_client\\src\\cas_client\\retry_wrapper.rs","line_number":235}
{"timestamp":"2026-06-28T12:27:57.417001Z","level":"INFO","fields":{"message":"Retry strategy","max_attempts":5,"base_delay":"3s","no_retry_on_429":false},"filename":"D:\\a\\xet-core\\xet-core\\xet_client\\src\\cas_client\\retry_wrapper.rs","line_number":235}
{"timestamp":"2026-06-28T12:27:57.559956Z","level":"INFO","fields":{"message":"Received CAS response","request_id":"01KW736SJY9SMS1C90Q5WCNH13","status_code":206},"filename":"D:\\a\\xet-core\\xet-core\\xet_client\\src\\common\\http_client.rs","line_number":288}
{"timestamp":"2026-06-28T12:27:57.559981Z","level":"INFO","fields":{"message":"Request Success: s3::get_range api call succeeded (request id 01KW736SJY9SMS1C90Q5WCNH13)."},"filename":"D:\\a\\xet-core\\xet-core\\xet_client\\src\\cas_client\\retry_wrapper.rs","line_number":196}
{"timestamp":"2026-06-28T12:27:57.566414Z","level":"INFO","fields":{"message":"Received CAS response","request_id":"01KW736SK44M1WE6K8RE066C8F","status_code":206},"filename":"D:\\a\\xet-core\\xet-core\\xet_client\\src\\common\\http_client.rs","line_number":288}
{"timestamp":"2026-06-28T12:27:57.566436Z","level":"INFO","fields":{"message":"Request Success: s3::get_range api call succeeded (request id 01KW736SK44M1WE6K8RE066C8F)."},"filename":"D:\\a\\xet-core\\xet-core\\xet_client\\src\\cas_client\\retry_wrapper.rs","line_number":196}
{"timestamp":"2026-06-28T12:27:59.608355Z","level":"INFO","fields":{"message":"Retry strategy","max_attempts":5,"base_delay":"3s","no_retry_on_429":false},"filename":"D:\\a\\xet-core\\xet-core\\xet_client\\src\\cas_client\\retry_wrapper.rs","line_number":235}
{"timestamp":"2026-06-28T12:28:00.121862Z","level":"INFO","fields":{"message":"Received CAS response","request_id":"01KW736VS2K7RD5YPR1DJQVT81","status_code":206},"filename":"D:\\a\\xet-core\\xet-core\\xet_client\\src\\common\\http_client.rs","line_number":288}
{"timestamp":"2026-06-28T12:28:00.121901Z","level":"INFO","fields":{"message":"Request Success: s3::get_range api call succeeded (request id 01KW736VS2K7RD5YPR1DJQVT81)."},"filename":"D:\\a\\xet-core\\xet-core\\xet_client\\src\\cas_client\\retry_wrapper.rs","line_number":196}
{"timestamp":"2026-06-28T12:28:00.740264Z","level":"INFO","fields":{"message":"Concurrency control for download: Current concurrency = 4; predicted bandwidth = 3189302; success_ratio = 1.000; reference_size = 46.5MB; observed bytes sent so far = 1237642993; completed transmissions = 124"},"filename":"D:\\a\\xet-core\\xet-core\\xet_client\\src\\cas_client\\adaptive_concurrency\\controller.rs","line_number":597}
{"timestamp":"2026-06-28T12:28:03.529949Z","level":"INFO","fields":{"message":"Retry strategy","max_attempts":5,"base_delay":"3s","no_retry_on_429":false},"filename":"D:\\a\\xet-core\\xet-core\\xet_client\\src\\cas_client\\retry_wrapper.rs","line_number":235}
{"timestamp":"2026-06-28T12:28:03.828540Z","level":"INFO","fields":{"message":"Received CAS response","request_id":"01KW736ZK9E3EP8XRXMVPX3HWS","status_code":206},"filename":"D:\\a\\xet-core\\xet-core\\xet_client\\src\\common\\http_client.rs","line_number":288}
{"timestamp":"2026-06-28T12:28:03.828568Z","level":"INFO","fields":{"message":"Request Success: s3::get_range api call succeeded (request id 01KW736ZK9E3EP8XRXMVPX3HWS)."},"filename":"D:\\a\\xet-core\\xet-core\\xet_client\\src\\cas_client\\retry_wrapper.rs","line_number":196}
{"timestamp":"2026-06-28T12:28:05.137366Z","level":"INFO","fields":{"message":"Retry strategy","max_attempts":5,"base_delay":"3s","no_retry_on_429":false},"filename":"D:\\a\\xet-core\\xet-core\\xet_client\\src\\cas_client\\retry_wrapper.rs","line_number":235}
{"timestamp":"2026-06-28T12:28:05.342609Z","level":"INFO","fields":{"message":"Received CAS response","request_id":"01KW737160TQZ2J5KT2ZXEC4ZW","status_code":206},"filename":"D:\\a\\xet-core\\xet-core\\xet_client\\src\\common\\http_client.rs","line_number":288}
{"timestamp":"2026-06-28T12:28:05.342650Z","level":"INFO","fields":{"message":"Request Success: s3::get_range api call succeeded (request id 01KW737160TQZ2J5KT2ZXEC4ZW)."},"filename":"D:\\a\\xet-core\\xet-core\\xet_client\\src\\cas_client\\retry_wrapper.rs","line_number":196}
{"timestamp":"2026-06-28T12:28:06.255728Z","level":"INFO","fields":{"message":"Retry strategy","max_attempts":5,"base_delay":"3s","no_retry_on_429":false},"filename":"D:\\a\\xet-core\\xet-core\\xet_client\\src\\cas_client\\retry_wrapper.rs","line_number":235}
{"timestamp":"2026-06-28T12:28:06.394135Z","level":"INFO","fields":{"message":"Received CAS response","request_id":"01KW737261NHCY3H1N19P19QN5","status_code":206},"filename":"D:\\a\\xet-core\\xet-core\\xet_client\\src\\common\\http_client.rs","line_number":288}
{"timestamp":"2026-06-28T12:28:06.394356Z","level":"INFO","fields":{"message":"Request Success: s3::get_range api call succeeded (request id 01KW737261NHCY3H1N19P19QN5)."},"filename":"D:\\a\\xet-core\\xet-core\\xet_client\\src\\cas_client\\retry_wrapper.rs","line_number":196}
{"timestamp":"2026-06-28T12:28:07.344298Z","level":"INFO","fields":{"message":"Retry strategy","max_attempts":5,"base_delay":"3s","no_retry_on_429":false},"filename":"D:\\a\\xet-core\\xet-core\\xet_client\\src\\cas_client\\retry_wrapper.rs","line_number":235}
{"timestamp":"2026-06-28T12:28:07.590665Z","level":"INFO","fields":{"message":"Retry strategy","max_attempts":5,"base_delay":"3s","no_retry_on_429":false},"filename":"D:\\a\\xet-core\\xet-core\\xet_client\\src\\cas_client\\retry_wrapper.rs","line_number":235}
{"timestamp":"2026-06-28T12:28:07.632189Z","level":"INFO","fields":{"message":"Received CAS response","request_id":"01KW737397H7KSQF4HCTEKH4EK","status_code":206},"filename":"D:\\a\\xet-core\\xet-core\\xet_client\\src\\common\\http_client.rs","line_number":288}
{"timestamp":"2026-06-28T12:28:07.632218Z","level":"INFO","fields":{"message":"Request Success: s3::get_range api call succeeded (request id 01KW737397H7KSQF4HCTEKH4EK)."},"filename":"D:\\a\\xet-core\\xet-core\\xet_client\\src\\cas_client\\retry_wrapper.rs","line_number":196}
{"timestamp":"2026-06-28T12:28:07.782799Z","level":"INFO","fields":{"message":"Received CAS response","request_id":"01KW7373GGYVZHENYQCQBT64W2","status_code":206},"filename":"D:\\a\\xet-core\\xet-core\\xet_client\\src\\common\\http_client.rs","line_number":288}
{"timestamp":"2026-06-28T12:28:07.782835Z","level":"INFO","fields":{"message":"Request Success: s3::get_range api call succeeded (request id 01KW7373GGYVZHENYQCQBT64W2)."},"filename":"D:\\a\\xet-core\\xet-core\\xet_client\\src\\cas_client\\retry_wrapper.rs","line_number":196}
{"timestamp":"2026-06-28T12:28:08.176712Z","level":"INFO","fields":{"message":"Retry strategy","max_attempts":5,"base_delay":"3s","no_retry_on_429":false},"filename":"D:\\a\\xet-core\\xet-core\\xet_client\\src\\cas_client\\retry_wrapper.rs","line_number":235}
{"timestamp":"2026-06-28T12:28:08.306891Z","level":"INFO","fields":{"message":"Received CAS response","request_id":"01KW73742YZHSH7BRVRVPCD6AY","status_code":206},"filename":"D:\\a\\xet-core\\xet-core\\xet_client\\src\\common\\http_client.rs","line_number":288}
{"timestamp":"2026-06-28T12:28:08.307001Z","level":"INFO","fields":{"message":"Request Success: s3::get_range api call succeeded (request id 01KW73742YZHSH7BRVRVPCD6AY)."},"filename":"D:\\a\\xet-core\\xet-core\\xet_client\\src\\cas_client\\retry_wrapper.rs","line_number":196}
{"timestamp":"2026-06-28T12:28:08.946125Z","level":"INFO","fields":{"message":"Retry strategy","max_attempts":5,"base_delay":"3s","no_retry_on_429":false},"filename":"D:\\a\\xet-core\\xet-core\\xet_client\\src\\cas_client\\retry_wrapper.rs","line_number":235}
{"timestamp":"2026-06-28T12:28:09.374340Z","level":"INFO","fields":{"message":"Received CAS response","request_id":"01KW7374TS96P6SZGE8JKB2H86","status_code":206},"filename":"D:\\a\\xet-core\\xet-core\\xet_client\\src\\common\\http_client.rs","line_number":288}
{"timestamp":"2026-06-28T12:28:09.374583Z","level":"INFO","fields":{"message":"Request Success: s3::get_range api call succeeded (request id 01KW7374TS96P6SZGE8JKB2H86)."},"filename":"D:\\a\\xet-core\\xet-core\\xet_client\\src\\cas_client\\retry_wrapper.rs","line_number":196}
{"timestamp":"2026-06-28T12:28:10.779163Z","level":"INFO","fields":{"message":"Concurrency control for download: Current concurrency = 4; predicted bandwidth = 6810655; success_ratio = 1.000; reference_size = 44.4MB; observed bytes sent so far = 1285680558; completed transmissions = 131"},"filename":"D:\\a\\xet-core\\xet-core\\xet_client\\src\\cas_client\\adaptive_concurrency\\controller.rs","line_number":597}
{"timestamp":"2026-06-28T12:28:11.029815Z","level":"INFO","fields":{"message":"Retry strategy","max_attempts":5,"base_delay":"3s","no_retry_on_429":false},"filename":"D:\\a\\xet-core\\xet-core\\xet_client\\src\\cas_client\\retry_wrapper.rs","line_number":235}
{"timestamp":"2026-06-28T12:28:11.165047Z","level":"INFO","fields":{"message":"Received CAS response","request_id":"01KW7376W05SG1CHGQV2GX2GFK","status_code":206},"filename":"D:\\a\\xet-core\\xet-core\\xet_client\\src\\common\\http_client.rs","line_number":288}
{"timestamp":"2026-06-28T12:28:11.165074Z","level":"INFO","fields":{"message":"Request Success: s3::get_range api call succeeded (request id 01KW7376W05SG1CHGQV2GX2GFK)."},"filename":"D:\\a\\xet-core\\xet-core\\xet_client\\src\\cas_client\\retry_wrapper.rs","line_number":196}
{"timestamp":"2026-06-28T12:28:12.252358Z","level":"INFO","fields":{"message":"Concurrency control for download: Increased concurrency from 4 to 5; reason: success ratio 1.000 is above threshold 0.800 and predicted RTT for 43MB at new concurrency is 59.62s < target 60.0s"},"filename":"D:\\a\\xet-core\\xet-core\\xet_client\\src\\cas_client\\adaptive_concurrency\\controller.rs","line_number":543}
{"timestamp":"2026-06-28T12:28:12.252483Z","level":"INFO","fields":{"message":"Retry strategy","max_attempts":5,"base_delay":"3s","no_retry_on_429":false},"filename":"D:\\a\\xet-core\\xet-core\\xet_client\\src\\cas_client\\retry_wrapper.rs","line_number":235}
{"timestamp":"2026-06-28T12:28:12.252983Z","level":"INFO","fields":{"message":"Retry strategy","max_attempts":5,"base_delay":"3s","no_retry_on_429":false},"filename":"D:\\a\\xet-core\\xet-core\\xet_client\\src\\cas_client\\retry_wrapper.rs","line_number":235}
{"timestamp":"2026-06-28T12:28:12.470057Z","level":"INFO","fields":{"message":"Received CAS response","request_id":"01KW737831C8AKZSG1JE1NGB1W","status_code":206},"filename":"D:\\a\\xet-core\\xet-core\\xet_client\\src\\common\\http_client.rs","line_number":288}
{"timestamp":"2026-06-28T12:28:12.470085Z","level":"INFO","fields":{"message":"Request Success: s3::get_range api call succeeded (request id 01KW737831C8AKZSG1JE1NGB1W)."},"filename":"D:\\a\\xet-core\\xet-core\\xet_client\\src\\cas_client\\retry_wrapper.rs","line_number":196}
{"timestamp":"2026-06-28T12:28:12.484313Z","level":"INFO","fields":{"message":"Received CAS response","request_id":"01KW73783CE8V2PTFGVX0TTD71","status_code":206},"filename":"D:\\a\\xet-core\\xet-core\\xet_client\\src\\common\\http_client.rs","line_number":288}
{"timestamp":"2026-06-28T12:28:12.484335Z","level":"INFO","fields":{"message":"Request Success: s3::get_range api call succeeded (request id 01KW73783CE8V2PTFGVX0TTD71)."},"filename":"D:\\a\\xet-core\\xet-core\\xet_client\\src\\cas_client\\retry_wrapper.rs","line_number":196}
{"timestamp":"2026-06-28T12:28:12.973023Z","level":"INFO","fields":{"message":"Retry strategy","max_attempts":5,"base_delay":"3s","no_retry_on_429":false},"filename":"D:\\a\\xet-core\\xet-core\\xet_client\\src\\cas_client\\retry_wrapper.rs","line_number":235}
{"timestamp":"2026-06-28T12:28:13.237079Z","level":"INFO","fields":{"message":"Received CAS response","request_id":"01KW7378T49893RZF4CNQ863PQ","status_code":206},"filename":"D:\\a\\xet-core\\xet-core\\xet_client\\src\\common\\http_client.rs","line_number":288}
{"timestamp":"2026-06-28T12:28:13.237104Z","level":"INFO","fields":{"message":"Request Success: s3::get_range api call succeeded (request id 01KW7378T49893RZF4CNQ863PQ)."},"filename":"D:\\a\\xet-core\\xet-core\\xet_client\\src\\cas_client\\retry_wrapper.rs","line_number":196}
{"timestamp":"2026-06-28T12:28:15.964917Z","level":"INFO","fields":{"message":"Retry strategy","max_attempts":5,"base_delay":"3s","no_retry_on_429":false},"filename":"D:\\a\\xet-core\\xet-core\\xet_client\\src\\cas_client\\retry_wrapper.rs","line_number":235}
{"timestamp":"2026-06-28T12:28:16.231121Z","level":"INFO","fields":{"message":"Received CAS response","request_id":"01KW737BQ8QZ5VBF17JN9X32ZE","status_code":206},"filename":"D:\\a\\xet-core\\xet-core\\xet_client\\src\\common\\http_client.rs","line_number":288}
{"timestamp":"2026-06-28T12:28:16.231147Z","level":"INFO","fields":{"message":"Request Success: s3::get_range api call succeeded (request id 01KW737BQ8QZ5VBF17JN9X32ZE)."},"filename":"D:\\a\\xet-core\\xet-core\\xet_client\\src\\cas_client\\retry_wrapper.rs","line_number":196}
{"timestamp":"2026-06-28T12:28:16.759212Z","level":"INFO","fields":{"message":"Retry strategy","max_attempts":5,"base_delay":"3s","no_retry_on_429":false},"filename":"D:\\a\\xet-core\\xet-core\\xet_client\\src\\cas_client\\retry_wrapper.rs","line_number":235}
{"timestamp":"2026-06-28T12:28:17.004347Z","level":"INFO","fields":{"message":"Received CAS response","request_id":"01KW737CFZQ1HPYNHE57Q9C54X","status_code":206},"filename":"D:\\a\\xet-core\\xet-core\\xet_client\\src\\common\\http_client.rs","line_number":288}
{"timestamp":"2026-06-28T12:28:17.004378Z","level":"INFO","fields":{"message":"Request Success: s3::get_range api call succeeded (request id 01KW737CFZQ1HPYNHE57Q9C54X)."},"filename":"D:\\a\\xet-core\\xet-core\\xet_client\\src\\cas_client\\retry_wrapper.rs","line_number":196}
{"timestamp":"2026-06-28T12:28:17.860856Z","level":"INFO","fields":{"message":"Retry strategy","max_attempts":5,"base_delay":"3s","no_retry_on_429":false},"filename":"D:\\a\\xet-core\\xet-core\\xet_client\\src\\cas_client\\retry_wrapper.rs","line_number":235}
{"timestamp":"2026-06-28T12:28:18.076005Z","level":"INFO","fields":{"message":"Received CAS response","request_id":"01KW737DH57XVXC60MN52TJ8YM","status_code":206},"filename":"D:\\a\\xet-core\\xet-core\\xet_client\\src\\common\\http_client.rs","line_number":288}
{"timestamp":"2026-06-28T12:28:18.076041Z","level":"INFO","fields":{"message":"Request Success: s3::get_range api call succeeded (request id 01KW737DH57XVXC60MN52TJ8YM)."},"filename":"D:\\a\\xet-core\\xet-core\\xet_client\\src\\cas_client\\retry_wrapper.rs","line_number":196}
{"timestamp":"2026-06-28T12:28:18.487286Z","level":"INFO","fields":{"message":"Retry strategy","max_attempts":5,"base_delay":"3s","no_retry_on_429":false},"filename":"D:\\a\\xet-core\\xet-core\\xet_client\\src\\cas_client\\retry_wrapper.rs","line_number":235}
{"timestamp":"2026-06-28T12:28:18.773983Z","level":"INFO","fields":{"message":"Received CAS response","request_id":"01KW737E8XG3BWSBC5G6KNYY2T","status_code":206},"filename":"D:\\a\\xet-core\\xet-core\\xet_client\\src\\common\\http_client.rs","line_number":288}
{"timestamp":"2026-06-28T12:28:18.774019Z","level":"INFO","fields":{"message":"Request Success: s3::get_range api call succeeded (request id 01KW737E8XG3BWSBC5G6KNYY2T)."},"filename":"D:\\a\\xet-core\\xet-core\\xet_client\\src\\cas_client\\retry_wrapper.rs","line_number":196}
{"timestamp":"2026-06-28T12:28:19.461650Z","level":"INFO","fields":{"message":"Concurrency control for download: Increased concurrency from 5 to 6; reason: success ratio 1.000 is above threshold 0.800 and predicted RTT for 42MB at new concurrency is 46.05s < target 60.0s"},"filename":"D:\\a\\xet-core\\xet-core\\xet_client\\src\\cas_client\\adaptive_concurrency\\controller.rs","line_number":543}
{"timestamp":"2026-06-28T12:28:19.461779Z","level":"INFO","fields":{"message":"Retry strategy","max_attempts":5,"base_delay":"3s","no_retry_on_429":false},"filename":"D:\\a\\xet-core\\xet-core\\xet_client\\src\\cas_client\\retry_wrapper.rs","line_number":235}
{"timestamp":"2026-06-28T12:28:19.461951Z","level":"INFO","fields":{"message":"Retry strategy","max_attempts":5,"base_delay":"3s","no_retry_on_429":false},"filename":"D:\\a\\xet-core\\xet-core\\xet_client\\src\\cas_client\\retry_wrapper.rs","line_number":235}
{"timestamp":"2026-06-28T12:28:19.770764Z","level":"INFO","fields":{"message":"Received CAS response","request_id":"01KW737F51V9MEJJR4NXFEBS0V","status_code":206},"filename":"D:\\a\\xet-core\\xet-core\\xet_client\\src\\common\\http_client.rs","line_number":288}
{"timestamp":"2026-06-28T12:28:19.770807Z","level":"INFO","fields":{"message":"Request Success: s3::get_range api call succeeded (request id 01KW737F51V9MEJJR4NXFEBS0V)."},"filename":"D:\\a\\xet-core\\xet-core\\xet_client\\src\\cas_client\\retry_wrapper.rs","line_number":196}
{"timestamp":"2026-06-28T12:28:19.772705Z","level":"INFO","fields":{"message":"Received CAS response","request_id":"01KW737F529F6CNGJT0F1EXAWG","status_code":206},"filename":"D:\\a\\xet-core\\xet-core\\xet_client\\src\\common\\http_client.rs","line_number":288}
{"timestamp":"2026-06-28T12:28:19.772734Z","level":"INFO","fields":{"message":"Request Success: s3::get_range api call succeeded (request id 01KW737F529F6CNGJT0F1EXAWG)."},"filename":"D:\\a\\xet-core\\xet-core\\xet_client\\src\\cas_client\\retry_wrapper.rs","line_number":196}
{"timestamp":"2026-06-28T12:28:19.975748Z","level":"INFO","fields":{"message":"Concurrency control for download: Increased concurrency from 6 to 7; reason: success ratio 1.000 is above threshold 0.800 and predicted RTT for 42MB at new concurrency is 53.68s < target 60.0s"},"filename":"D:\\a\\xet-core\\xet-core\\xet_client\\src\\cas_client\\adaptive_concurrency\\controller.rs","line_number":543}
{"timestamp":"2026-06-28T12:28:19.975808Z","level":"INFO","fields":{"message":"Retry strategy","max_attempts":5,"base_delay":"3s","no_retry_on_429":false},"filename":"D:\\a\\xet-core\\xet-core\\xet_client\\src\\cas_client\\retry_wrapper.rs","line_number":235}
{"timestamp":"2026-06-28T12:28:20.704839Z","level":"INFO","fields":{"message":"Received CAS response","request_id":"01KW737FKZ1M4EHDRQJQPVF6BM","status_code":206},"filename":"D:\\a\\xet-core\\xet-core\\xet_client\\src\\common\\http_client.rs","line_number":288}
{"timestamp":"2026-06-28T12:28:20.704868Z","level":"INFO","fields":{"message":"Request Success: s3::get_range api call succeeded (request id 01KW737FKZ1M4EHDRQJQPVF6BM)."},"filename":"D:\\a\\xet-core\\xet-core\\xet_client\\src\\cas_client\\retry_wrapper.rs","line_number":196}
{"timestamp":"2026-06-28T12:28:20.786919Z","level":"INFO","fields":{"message":"Concurrency control for download: Current concurrency = 7; predicted bandwidth = 5746139; success_ratio = 1.000; reference_size = 42.9MB; observed bytes sent so far = 1343419395; completed transmissions = 139"},"filename":"D:\\a\\xet-core\\xet-core\\xet_client\\src\\cas_client\\adaptive_concurrency\\controller.rs","line_number":597}
{"timestamp":"2026-06-28T12:28:20.984288Z","level":"INFO","fields":{"message":"Concurrency control for download: Increased concurrency from 7 to 8; reason: success ratio 1.000 is above threshold 0.800 and predicted RTT for 42MB at new concurrency is 59.74s < target 60.0s"},"filename":"D:\\a\\xet-core\\xet-core\\xet_client\\src\\cas_client\\adaptive_concurrency\\controller.rs","line_number":543}
{"timestamp":"2026-06-28T12:28:20.984359Z","level":"INFO","fields":{"message":"Retry strategy","max_attempts":5,"base_delay":"3s","no_retry_on_429":false},"filename":"D:\\a\\xet-core\\xet-core\\xet_client\\src\\cas_client\\retry_wrapper.rs","line_number":235}
{"timestamp":"2026-06-28T12:28:20.984480Z","level":"INFO","fields":{"message":"Retry strategy","max_attempts":5,"base_delay":"3s","no_retry_on_429":false},"filename":"D:\\a\\xet-core\\xet-core\\xet_client\\src\\cas_client\\retry_wrapper.rs","line_number":235}
{"timestamp":"2026-06-28T12:28:21.432966Z","level":"INFO","fields":{"message":"Received CAS response","request_id":"01KW737GN0SKNVS4V6WEHPT23J","status_code":206},"filename":"D:\\a\\xet-core\\xet-core\\xet_client\\src\\common\\http_client.rs","line_number":288}
{"timestamp":"2026-06-28T12:28:21.432997Z","level":"INFO","fields":{"message":"Request Success: s3::get_range api call succeeded (request id 01KW737GN0SKNVS4V6WEHPT23J)."},"filename":"D:\\a\\xet-core\\xet-core\\xet_client\\src\\cas_client\\retry_wrapper.rs","line_number":196}
{"timestamp":"2026-06-28T12:28:21.476477Z","level":"INFO","fields":{"message":"Received CAS response","request_id":"01KW737GNCMQ499FK3R6XBY7ER","status_code":206},"filename":"D:\\a\\xet-core\\xet-core\\xet_client\\src\\common\\http_client.rs","line_number":288}
{"timestamp":"2026-06-28T12:28:21.476609Z","level":"INFO","fields":{"message":"Request Success: s3::get_range api call succeeded (request id 01KW737GNCMQ499FK3R6XBY7ER)."},"filename":"D:\\a\\xet-core\\xet-core\\xet_client\\src\\cas_client\\retry_wrapper.rs","line_number":196}
{"timestamp":"2026-06-28T12:28:21.534798Z","level":"INFO","fields":{"message":"Retry strategy","max_attempts":5,"base_delay":"3s","no_retry_on_429":false},"filename":"D:\\a\\xet-core\\xet-core\\xet_client\\src\\cas_client\\retry_wrapper.rs","line_number":235}
{"timestamp":"2026-06-28T12:28:21.876330Z","level":"INFO","fields":{"message":"Retry strategy","max_attempts":5,"base_delay":"3s","no_retry_on_429":false},"filename":"D:\\a\\xet-core\\xet-core\\xet_client\\src\\cas_client\\retry_wrapper.rs","line_number":235}
{"timestamp":"2026-06-28T12:28:22.110553Z","level":"INFO","fields":{"message":"Received CAS response","request_id":"01KW737H5FDETHSPNHQTNC67H6","status_code":206},"filename":"D:\\a\\xet-core\\xet-core\\xet_client\\src\\common\\http_client.rs","line_number":288}
{"timestamp":"2026-06-28T12:28:22.110793Z","level":"INFO","fields":{"message":"Request Success: s3::get_range api call succeeded (request id 01KW737H5FDETHSPNHQTNC67H6)."},"filename":"D:\\a\\xet-core\\xet-core\\xet_client\\src\\cas_client\\retry_wrapper.rs","line_number":196}
{"timestamp":"2026-06-28T12:28:22.440199Z","level":"INFO","fields":{"message":"Received CAS response","request_id":"01KW737HG6WCRNVYNVBCSDSK8P","status_code":206},"filename":"D:\\a\\xet-core\\xet-core\\xet_client\\src\\common\\http_client.rs","line_number":288}
{"timestamp":"2026-06-28T12:28:22.440231Z","level":"INFO","fields":{"message":"Request Success: s3::get_range api call succeeded (request id 01KW737HG6WCRNVYNVBCSDSK8P)."},"filename":"D:\\a\\xet-core\\xet-core\\xet_client\\src\\cas_client\\retry_wrapper.rs","line_number":196}
{"timestamp":"2026-06-28T12:28:24.743737Z","level":"INFO","fields":{"message":"Retry strategy","max_attempts":5,"base_delay":"3s","no_retry_on_429":false},"filename":"D:\\a\\xet-core\\xet-core\\xet_client\\src\\cas_client\\retry_wrapper.rs","line_number":235}
{"timestamp":"2026-06-28T12:28:25.434702Z","level":"INFO","fields":{"message":"Received CAS response","request_id":"01KW737M8JGNW1DKDFZW54G32Y","status_code":206},"filename":"D:\\a\\xet-core\\xet-core\\xet_client\\src\\common\\http_client.rs","line_number":288}
{"timestamp":"2026-06-28T12:28:25.434737Z","level":"INFO","fields":{"message":"Request Success: s3::get_range api call succeeded (request id 01KW737M8JGNW1DKDFZW54G32Y)."},"filename":"D:\\a\\xet-core\\xet-core\\xet_client\\src\\cas_client\\retry_wrapper.rs","line_number":196}
{"timestamp":"2026-06-28T12:28:26.226305Z","level":"INFO","fields":{"message":"Retry strategy","max_attempts":5,"base_delay":"3s","no_retry_on_429":false},"filename":"D:\\a\\xet-core\\xet-core\\xet_client\\src\\cas_client\\retry_wrapper.rs","line_number":235}
{"timestamp":"2026-06-28T12:28:27.018132Z","level":"INFO","fields":{"message":"Received CAS response","request_id":"01KW737NPWPQKVVZBYWRGFKTH6","status_code":206},"filename":"D:\\a\\xet-core\\xet-core\\xet_client\\src\\common\\http_client.rs","line_number":288}
{"timestamp":"2026-06-28T12:28:27.018175Z","level":"INFO","fields":{"message":"Request Success: s3::get_range api call succeeded (request id 01KW737NPWPQKVVZBYWRGFKTH6)."},"filename":"D:\\a\\xet-core\\xet-core\\xet_client\\src\\cas_client\\retry_wrapper.rs","line_number":196}
{"timestamp":"2026-06-28T12:28:27.881402Z","level":"INFO","fields":{"message":"Concurrency control for download: Increased concurrency from 8 to 9; reason: success ratio 1.000 is above threshold 0.800 and predicted RTT for 39MB at new concurrency is 59.45s < target 60.0s"},"filename":"D:\\a\\xet-core\\xet-core\\xet_client\\src\\cas_client\\adaptive_concurrency\\controller.rs","line_number":543}
{"timestamp":"2026-06-28T12:28:27.881537Z","level":"INFO","fields":{"message":"Retry strategy","max_attempts":5,"base_delay":"3s","no_retry_on_429":false},"filename":"D:\\a\\xet-core\\xet-core\\xet_client\\src\\cas_client\\retry_wrapper.rs","line_number":235}
{"timestamp":"2026-06-28T12:28:27.881743Z","level":"INFO","fields":{"message":"Retry strategy","max_attempts":5,"base_delay":"3s","no_retry_on_429":false},"filename":"D:\\a\\xet-core\\xet-core\\xet_client\\src\\cas_client\\retry_wrapper.rs","line_number":235}
{"timestamp":"2026-06-28T12:28:29.017448Z","level":"INFO","fields":{"message":"Received CAS response","request_id":"01KW737QA4SEAS4ZRT36EQR5GZ","status_code":206},"filename":"D:\\a\\xet-core\\xet-core\\xet_client\\src\\common\\http_client.rs","line_number":288}
{"timestamp":"2026-06-28T12:28:29.017497Z","level":"INFO","fields":{"message":"Request Success: s3::get_range api call succeeded (request id 01KW737QA4SEAS4ZRT36EQR5GZ)."},"filename":"D:\\a\\xet-core\\xet-core\\xet_client\\src\\cas_client\\retry_wrapper.rs","line_number":196}
{"timestamp":"2026-06-28T12:28:29.036499Z","level":"INFO","fields":{"message":"Received CAS response","request_id":"01KW737QAFQ21XBF3PZF3JRTV8","status_code":206},"filename":"D:\\a\\xet-core\\xet-core\\xet_client\\src\\common\\http_client.rs","line_number":288}
{"timestamp":"2026-06-28T12:28:29.036966Z","level":"INFO","fields":{"message":"Request Success: s3::get_range api call succeeded (request id 01KW737QAFQ21XBF3PZF3JRTV8)."},"filename":"D:\\a\\xet-core\\xet-core\\xet_client\\src\\cas_client\\retry_wrapper.rs","line_number":196}
{"timestamp":"2026-06-28T12:28:29.396662Z","level":"INFO","fields":{"message":"Retry strategy","max_attempts":5,"base_delay":"3s","no_retry_on_429":false},"filename":"D:\\a\\xet-core\\xet-core\\xet_client\\src\\cas_client\\retry_wrapper.rs","line_number":235}
{"timestamp":"2026-06-28T12:28:30.005586Z","level":"INFO","fields":{"message":"Received CAS response","request_id":"01KW737RS5SZMQE5DDEHCFNX0C","status_code":206},"filename":"D:\\a\\xet-core\\xet-core\\xet_client\\src\\common\\http_client.rs","line_number":288}
{"timestamp":"2026-06-28T12:28:30.005677Z","level":"INFO","fields":{"message":"Request Success: s3::get_range api call succeeded (request id 01KW737RS5SZMQE5DDEHCFNX0C)."},"filename":"D:\\a\\xet-core\\xet-core\\xet_client\\src\\cas_client\\retry_wrapper.rs","line_number":196}
{"timestamp":"2026-06-28T12:28:30.867127Z","level":"INFO","fields":{"message":"Concurrency control for download: Current concurrency = 9; predicted bandwidth = 4331073; success_ratio = 1.000; reference_size = 39.1MB; observed bytes sent so far = 1387050467; completed transmissions = 146"},"filename":"D:\\a\\xet-core\\xet-core\\xet_client\\src\\cas_client\\adaptive_concurrency\\controller.rs","line_number":597}
{"timestamp":"2026-06-28T12:28:31.713184Z","level":"INFO","fields":{"message":"Retry strategy","max_attempts":5,"base_delay":"3s","no_retry_on_429":false},"filename":"D:\\a\\xet-core\\xet-core\\xet_client\\src\\cas_client\\retry_wrapper.rs","line_number":235}
{"timestamp":"2026-06-28T12:28:32.576566Z","level":"INFO","fields":{"message":"Received CAS response","request_id":"01KW737V325FHZ5WVRKHAM4DYN","status_code":206},"filename":"D:\\a\\xet-core\\xet-core\\xet_client\\src\\common\\http_client.rs","line_number":288}
{"timestamp":"2026-06-28T12:28:32.576613Z","level":"INFO","fields":{"message":"Request Success: s3::get_range api call succeeded (request id 01KW737V325FHZ5WVRKHAM4DYN)."},"filename":"D:\\a\\xet-core\\xet-core\\xet_client\\src\\cas_client\\retry_wrapper.rs","line_number":196}
{"timestamp":"2026-06-28T12:28:33.889995Z","level":"INFO","fields":{"message":"Concurrency control for download: Increased concurrency from 9 to 10; reason: success ratio 1.000 is above threshold 0.800 and predicted RTT for 38MB at new concurrency is 59.93s < target 60.0s"},"filename":"D:\\a\\xet-core\\xet-core\\xet_client\\src\\cas_client\\adaptive_concurrency\\controller.rs","line_number":543}
{"timestamp":"2026-06-28T12:28:33.890075Z","level":"INFO","fields":{"message":"Retry strategy","max_attempts":5,"base_delay":"3s","no_retry_on_429":false},"filename":"D:\\a\\xet-core\\xet-core\\xet_client\\src\\cas_client\\retry_wrapper.rs","line_number":235}
{"timestamp":"2026-06-28T12:28:34.117802Z","level":"INFO","fields":{"message":"Retry strategy","max_attempts":5,"base_delay":"3s","no_retry_on_429":false},"filename":"D:\\a\\xet-core\\xet-core\\xet_client\\src\\cas_client\\retry_wrapper.rs","line_number":235}
{"timestamp":"2026-06-28T12:28:34.440521Z","level":"INFO","fields":{"message":"Concurrency control for download: Increased concurrency from 10 to 11; reason: success ratio 1.000 is above threshold 0.800 and predicted RTT for 37MB at new concurrency is 55.61s < target 60.0s"},"filename":"D:\\a\\xet-core\\xet-core\\xet_client\\src\\cas_client\\adaptive_concurrency\\controller.rs","line_number":543}
{"timestamp":"2026-06-28T12:28:34.440747Z","level":"INFO","fields":{"message":"Retry strategy","max_attempts":5,"base_delay":"3s","no_retry_on_429":false},"filename":"D:\\a\\xet-core\\xet-core\\xet_client\\src\\cas_client\\retry_wrapper.rs","line_number":235}
{"timestamp":"2026-06-28T12:28:34.667548Z","level":"INFO","fields":{"message":"Received CAS response","request_id":"01KW737XA52WXHMDCRRN6N02CR","status_code":206},"filename":"D:\\a\\xet-core\\xet-core\\xet_client\\src\\common\\http_client.rs","line_number":288}
{"timestamp":"2026-06-28T12:28:34.667581Z","level":"INFO","fields":{"message":"Request Success: s3::get_range api call succeeded (request id 01KW737XA52WXHMDCRRN6N02CR)."},"filename":"D:\\a\\xet-core\\xet-core\\xet_client\\src\\cas_client\\retry_wrapper.rs","line_number":196}
{"timestamp":"2026-06-28T12:28:34.872018Z","level":"INFO","fields":{"message":"Received CAS response","request_id":"01KW737XG60TCRQYZHKX9PBTTC","status_code":206},"filename":"D:\\a\\xet-core\\xet-core\\xet_client\\src\\common\\http_client.rs","line_number":288}
{"timestamp":"2026-06-28T12:28:34.872042Z","level":"INFO","fields":{"message":"Request Success: s3::get_range api call succeeded (request id 01KW737XG60TCRQYZHKX9PBTTC)."},"filename":"D:\\a\\xet-core\\xet-core\\xet_client\\src\\cas_client\\retry_wrapper.rs","line_number":196}
{"timestamp":"2026-06-28T12:28:34.999506Z","level":"INFO","fields":{"message":"Concurrency control for download: Increased concurrency from 11 to 12; reason: success ratio 1.000 is above threshold 0.800 and predicted RTT for 37MB at new concurrency is 57.57s < target 60.0s"},"filename":"D:\\a\\xet-core\\xet-core\\xet_client\\src\\cas_client\\adaptive_concurrency\\controller.rs","line_number":543}
{"timestamp":"2026-06-28T12:28:34.999563Z","level":"INFO","fields":{"message":"Retry strategy","max_attempts":5,"base_delay":"3s","no_retry_on_429":false},"filename":"D:\\a\\xet-core\\xet-core\\xet_client\\src\\cas_client\\retry_wrapper.rs","line_number":235}
{"timestamp":"2026-06-28T12:28:37.723033Z","level":"INFO","fields":{"message":"Concurrency control for download: Increased concurrency from 12 to 13; reason: success ratio 1.000 is above threshold 0.800 and predicted RTT for 37MB at new concurrency is 57.52s < target 60.0s"},"filename":"D:\\a\\xet-core\\xet-core\\xet_client\\src\\cas_client\\adaptive_concurrency\\controller.rs","line_number":543}
{"timestamp":"2026-06-28T12:28:37.723080Z","level":"INFO","fields":{"message":"Retry strategy","max_attempts":5,"base_delay":"3s","no_retry_on_429":false},"filename":"D:\\a\\xet-core\\xet-core\\xet_client\\src\\cas_client\\retry_wrapper.rs","line_number":235}
{"timestamp":"2026-06-28T12:28:38.269391Z","level":"INFO","fields":{"message":"Concurrency control for download: Increased concurrency from 13 to 14; reason: success ratio 1.000 is above threshold 0.800 and predicted RTT for 37MB at new concurrency is 59.68s < target 60.0s"},"filename":"D:\\a\\xet-core\\xet-core\\xet_client\\src\\cas_client\\adaptive_concurrency\\controller.rs","line_number":543}
{"timestamp":"2026-06-28T12:28:38.269451Z","level":"INFO","fields":{"message":"Retry strategy","max_attempts":5,"base_delay":"3s","no_retry_on_429":false},"filename":"D:\\a\\xet-core\\xet-core\\xet_client\\src\\cas_client\\retry_wrapper.rs","line_number":235}
{"timestamp":"2026-06-28T12:28:38.493863Z","level":"INFO","fields":{"message":"Retry strategy","max_attempts":5,"base_delay":"3s","no_retry_on_429":false},"filename":"D:\\a\\xet-core\\xet-core\\xet_client\\src\\cas_client\\retry_wrapper.rs","line_number":235}
{"timestamp":"2026-06-28T12:28:38.603663Z","level":"INFO","fields":{"message":"Retry strategy","max_attempts":5,"base_delay":"3s","no_retry_on_429":false},"filename":"D:\\a\\xet-core\\xet-core\\xet_client\\src\\cas_client\\retry_wrapper.rs","line_number":235}
{"timestamp":"2026-06-28T12:28:38.770480Z","level":"INFO","fields":{"message":"Concurrency control for download: Increased concurrency from 14 to 15; reason: success ratio 1.000 is above threshold 0.800 and predicted RTT for 37MB at new concurrency is 55.69s < target 60.0s"},"filename":"D:\\a\\xet-core\\xet-core\\xet_client\\src\\cas_client\\adaptive_concurrency\\controller.rs","line_number":543}
{"timestamp":"2026-06-28T12:28:38.770738Z","level":"INFO","fields":{"message":"Retry strategy","max_attempts":5,"base_delay":"3s","no_retry_on_429":false},"filename":"D:\\a\\xet-core\\xet-core\\xet_client\\src\\cas_client\\retry_wrapper.rs","line_number":235}
{"timestamp":"2026-06-28T12:28:38.961109Z","level":"INFO","fields":{"message":"Retry strategy","max_attempts":5,"base_delay":"3s","no_retry_on_429":false},"filename":"D:\\a\\xet-core\\xet-core\\xet_client\\src\\cas_client\\retry_wrapper.rs","line_number":235}
{"timestamp":"2026-06-28T12:28:39.352085Z","level":"INFO","fields":{"message":"Concurrency control for download: Increased concurrency from 15 to 16; reason: success ratio 1.000 is above threshold 0.800 and predicted RTT for 38MB at new concurrency is 46.38s < target 60.0s"},"filename":"D:\\a\\xet-core\\xet-core\\xet_client\\src\\cas_client\\adaptive_concurrency\\controller.rs","line_number":543}
{"timestamp":"2026-06-28T12:28:39.352178Z","level":"INFO","fields":{"message":"Retry strategy","max_attempts":5,"base_delay":"3s","no_retry_on_429":false},"filename":"D:\\a\\xet-core\\xet-core\\xet_client\\src\\cas_client\\retry_wrapper.rs","line_number":235}
{"timestamp":"2026-06-28T12:28:39.620874Z","level":"INFO","fields":{"message":"Received CAS response","request_id":"01KW7381NPWC9DM8JT2XX4NYK0","status_code":206},"filename":"D:\\a\\xet-core\\xet-core\\xet_client\\src\\common\\http_client.rs","line_number":288}
{"timestamp":"2026-06-28T12:28:39.620923Z","level":"INFO","fields":{"message":"Request Success: s3::get_range api call succeeded (request id 01KW7381NPWC9DM8JT2XX4NYK0)."},"filename":"D:\\a\\xet-core\\xet-core\\xet_client\\src\\cas_client\\retry_wrapper.rs","line_number":196}
{"timestamp":"2026-06-28T12:28:40.473809Z","level":"INFO","fields":{"message":"Concurrency control for download: Increased concurrency from 16 to 17; reason: success ratio 1.000 is above threshold 0.800 and predicted RTT for 38MB at new concurrency is 48.93s < target 60.0s"},"filename":"D:\\a\\xet-core\\xet-core\\xet_client\\src\\cas_client\\adaptive_concurrency\\controller.rs","line_number":543}
{"timestamp":"2026-06-28T12:28:40.473867Z","level":"INFO","fields":{"message":"Retry strategy","max_attempts":5,"base_delay":"3s","no_retry_on_429":false},"filename":"D:\\a\\xet-core\\xet-core\\xet_client\\src\\cas_client\\retry_wrapper.rs","line_number":235}
{"timestamp":"2026-06-28T12:28:40.805128Z","level":"INFO","fields":{"message":"Received CAS response","request_id":"01KW7381SRVFYDYKVXJWHMZ5PZ","status_code":206},"filename":"D:\\a\\xet-core\\xet-core\\xet_client\\src\\common\\http_client.rs","line_number":288}
{"timestamp":"2026-06-28T12:28:40.805177Z","level":"INFO","fields":{"message":"Request Success: s3::get_range api call succeeded (request id 01KW7381SRVFYDYKVXJWHMZ5PZ)."},"filename":"D:\\a\\xet-core\\xet-core\\xet_client\\src\\cas_client\\retry_wrapper.rs","line_number":196}
{"timestamp":"2026-06-28T12:28:40.953491Z","level":"INFO","fields":{"message":"Concurrency control for download: Current concurrency = 17; predicted bandwidth = 1592895; success_ratio = 1.000; reference_size = 38.3MB; observed bytes sent so far = 1427599848; completed transmissions = 151"},"filename":"D:\\a\\xet-core\\xet-core\\xet_client\\src\\cas_client\\adaptive_concurrency\\controller.rs","line_number":597}
{"timestamp":"2026-06-28T12:28:40.987370Z","level":"INFO","fields":{"message":"Received CAS response","request_id":"01KW738246QCZJ2DPTQBQ4G8CK","status_code":206},"filename":"D:\\a\\xet-core\\xet-core\\xet_client\\src\\common\\http_client.rs","line_number":288}
{"timestamp":"2026-06-28T12:28:40.987458Z","level":"INFO","fields":{"message":"Request Success: s3::get_range api call succeeded (request id 01KW738246QCZJ2DPTQBQ4G8CK)."},"filename":"D:\\a\\xet-core\\xet-core\\xet_client\\src\\cas_client\\retry_wrapper.rs","line_number":196}
{"timestamp":"2026-06-28T12:28:41.006253Z","level":"INFO","fields":{"message":"Concurrency control for download: Increased concurrency from 17 to 18; reason: success ratio 1.000 is above threshold 0.800 and predicted RTT for 38MB at new concurrency is 51.62s < target 60.0s"},"filename":"D:\\a\\xet-core\\xet-core\\xet_client\\src\\cas_client\\adaptive_concurrency\\controller.rs","line_number":543}
{"timestamp":"2026-06-28T12:28:41.006302Z","level":"INFO","fields":{"message":"Retry strategy","max_attempts":5,"base_delay":"3s","no_retry_on_429":false},"filename":"D:\\a\\xet-core\\xet-core\\xet_client\\src\\cas_client\\retry_wrapper.rs","line_number":235}
{"timestamp":"2026-06-28T12:28:41.101824Z","level":"INFO","fields":{"message":"Retry strategy","max_attempts":5,"base_delay":"3s","no_retry_on_429":false},"filename":"D:\\a\\xet-core\\xet-core\\xet_client\\src\\cas_client\\retry_wrapper.rs","line_number":235}
{"timestamp":"2026-06-28T12:28:41.227629Z","level":"INFO","fields":{"message":"Received CAS response","request_id":"01KW73841EXAR6KX7HWCMYPDQW","status_code":206},"filename":"D:\\a\\xet-core\\xet-core\\xet_client\\src\\common\\http_client.rs","line_number":288}
{"timestamp":"2026-06-28T12:28:41.227654Z","level":"INFO","fields":{"message":"Request Success: s3::get_range api call succeeded (request id 01KW73841EXAR6KX7HWCMYPDQW)."},"filename":"D:\\a\\xet-core\\xet-core\\xet_client\\src\\cas_client\\retry_wrapper.rs","line_number":196}
{"timestamp":"2026-06-28T12:28:41.230035Z","level":"INFO","fields":{"message":"Received CAS response","request_id":"01KW73841CHE7BNFPD5JMZJ92B","status_code":206},"filename":"D:\\a\\xet-core\\xet-core\\xet_client\\src\\common\\http_client.rs","line_number":288}
{"timestamp":"2026-06-28T12:28:41.230097Z","level":"INFO","fields":{"message":"Request Success: s3::get_range api call succeeded (request id 01KW73841CHE7BNFPD5JMZJ92B)."},"filename":"D:\\a\\xet-core\\xet-core\\xet_client\\src\\cas_client\\retry_wrapper.rs","line_number":196}
{"timestamp":"2026-06-28T12:28:41.239916Z","level":"INFO","fields":{"message":"Received CAS response","request_id":"01KW738424BXXNNKB6NM6XY56F","status_code":206},"filename":"D:\\a\\xet-core\\xet-core\\xet_client\\src\\common\\http_client.rs","line_number":288}
{"timestamp":"2026-06-28T12:28:41.239947Z","level":"INFO","fields":{"message":"Request Success: s3::get_range api call succeeded (request id 01KW738424BXXNNKB6NM6XY56F)."},"filename":"D:\\a\\xet-core\\xet-core\\xet_client\\src\\cas_client\\retry_wrapper.rs","line_number":196}
{"timestamp":"2026-06-28T12:28:41.290838Z","level":"INFO","fields":{"message":"Retry strategy","max_attempts":5,"base_delay":"3s","no_retry_on_429":false},"filename":"D:\\a\\xet-core\\xet-core\\xet_client\\src\\cas_client\\retry_wrapper.rs","line_number":235}
{"timestamp":"2026-06-28T12:28:41.359259Z","level":"INFO","fields":{"message":"Received CAS response","request_id":"01KW73848AKGQFKQJ5SBSFJD7K","status_code":206},"filename":"D:\\a\\xet-core\\xet-core\\xet_client\\src\\common\\http_client.rs","line_number":288}
{"timestamp":"2026-06-28T12:28:41.359289Z","level":"INFO","fields":{"message":"Request Success: s3::get_range api call succeeded (request id 01KW73848AKGQFKQJ5SBSFJD7K)."},"filename":"D:\\a\\xet-core\\xet-core\\xet_client\\src\\cas_client\\retry_wrapper.rs","line_number":196}
{"timestamp":"2026-06-28T12:28:41.363032Z","level":"INFO","fields":{"message":"Received CAS response","request_id":"01KW73848GQ9CGM4XWT0AGVRXR","status_code":206},"filename":"D:\\a\\xet-core\\xet-core\\xet_client\\src\\common\\http_client.rs","line_number":288}
{"timestamp":"2026-06-28T12:28:41.363061Z","level":"INFO","fields":{"message":"Request Success: s3::get_range api call succeeded (request id 01KW73848GQ9CGM4XWT0AGVRXR)."},"filename":"D:\\a\\xet-core\\xet-core\\xet_client\\src\\cas_client\\retry_wrapper.rs","line_number":196}
{"timestamp":"2026-06-28T12:28:41.370993Z","level":"INFO","fields":{"message":"Received CAS response","request_id":"01KW738492DH8KY53SD6VJ0WN9","status_code":206},"filename":"D:\\a\\xet-core\\xet-core\\xet_client\\src\\common\\http_client.rs","line_number":288}
{"timestamp":"2026-06-28T12:28:41.371018Z","level":"INFO","fields":{"message":"Request Success: s3::get_range api call succeeded (request id 01KW738492DH8KY53SD6VJ0WN9)."},"filename":"D:\\a\\xet-core\\xet-core\\xet_client\\src\\cas_client\\retry_wrapper.rs","line_number":196}
{"timestamp":"2026-06-28T12:28:41.433223Z","level":"INFO","fields":{"message":"Received CAS response","request_id":"01KW7384ARGQSZ2PK37BBZ40JW","status_code":206},"filename":"D:\\a\\xet-core\\xet-core\\xet_client\\src\\common\\http_client.rs","line_number":288}
{"timestamp":"2026-06-28T12:28:41.433252Z","level":"INFO","fields":{"message":"Request Success: s3::get_range api call succeeded (request id 01KW7384ARGQSZ2PK37BBZ40JW)."},"filename":"D:\\a\\xet-core\\xet-core\\xet_client\\src\\cas_client\\retry_wrapper.rs","line_number":196}
{"timestamp":"2026-06-28T12:28:41.471266Z","level":"INFO","fields":{"message":"Received CAS response","request_id":"01KW7384C9YFE2YTA2GVR2NQRW","status_code":206},"filename":"D:\\a\\xet-core\\xet-core\\xet_client\\src\\common\\http_client.rs","line_number":288}
{"timestamp":"2026-06-28T12:28:41.471289Z","level":"INFO","fields":{"message":"Request Success: s3::get_range api call succeeded (request id 01KW7384C9YFE2YTA2GVR2NQRW)."},"filename":"D:\\a\\xet-core\\xet-core\\xet_client\\src\\cas_client\\retry_wrapper.rs","line_number":196}
{"timestamp":"2026-06-28T12:28:41.513052Z","level":"INFO","fields":{"message":"Received CAS response","request_id":"01KW7384DBW814JS7QM934NXFN","status_code":206},"filename":"D:\\a\\xet-core\\xet-core\\xet_client\\src\\common\\http_client.rs","line_number":288}
{"timestamp":"2026-06-28T12:28:41.513085Z","level":"INFO","fields":{"message":"Request Success: s3::get_range api call succeeded (request id 01KW7384DBW814JS7QM934NXFN)."},"filename":"D:\\a\\xet-core\\xet-core\\xet_client\\src\\cas_client\\retry_wrapper.rs","line_number":196}
{"timestamp":"2026-06-28T12:28:41.522904Z","level":"INFO","fields":{"message":"Concurrency control for download: Increased concurrency from 18 to 19; reason: success ratio 1.000 is above threshold 0.800 and predicted RTT for 38MB at new concurrency is 59.01s < target 60.0s"},"filename":"D:\\a\\xet-core\\xet-core\\xet_client\\src\\cas_client\\adaptive_concurrency\\controller.rs","line_number":543}
{"timestamp":"2026-06-28T12:28:41.522952Z","level":"INFO","fields":{"message":"Retry strategy","max_attempts":5,"base_delay":"3s","no_retry_on_429":false},"filename":"D:\\a\\xet-core\\xet-core\\xet_client\\src\\cas_client\\retry_wrapper.rs","line_number":235}
{"timestamp":"2026-06-28T12:28:41.660052Z","level":"INFO","fields":{"message":"Received CAS response","request_id":"01KW7384H299MZYZCVX558G2QQ","status_code":206},"filename":"D:\\a\\xet-core\\xet-core\\xet_client\\src\\common\\http_client.rs","line_number":288}
{"timestamp":"2026-06-28T12:28:41.660078Z","level":"INFO","fields":{"message":"Request Success: s3::get_range api call succeeded (request id 01KW7384H299MZYZCVX558G2QQ)."},"filename":"D:\\a\\xet-core\\xet-core\\xet_client\\src\\cas_client\\retry_wrapper.rs","line_number":196}
{"timestamp":"2026-06-28T12:28:41.963271Z","level":"INFO","fields":{"message":"Received CAS response","request_id":"01KW7384Q4VX7J9TT18EVMHCQ5","status_code":206},"filename":"D:\\a\\xet-core\\xet-core\\xet_client\\src\\common\\http_client.rs","line_number":288}
{"timestamp":"2026-06-28T12:28:41.963298Z","level":"INFO","fields":{"message":"Request Success: s3::get_range api call succeeded (request id 01KW7384Q4VX7J9TT18EVMHCQ5)."},"filename":"D:\\a\\xet-core\\xet-core\\xet_client\\src\\cas_client\\retry_wrapper.rs","line_number":196}
{"timestamp":"2026-06-28T12:28:42.119967Z","level":"INFO","fields":{"message":"Concurrency control for download: Increased concurrency from 19 to 20; reason: success ratio 1.000 is above threshold 0.800 and predicted RTT for 37MB at new concurrency is 59.96s < target 60.0s"},"filename":"D:\\a\\xet-core\\xet-core\\xet_client\\src\\cas_client\\adaptive_concurrency\\controller.rs","line_number":543}
{"timestamp":"2026-06-28T12:28:42.120054Z","level":"INFO","fields":{"message":"Retry strategy","max_attempts":5,"base_delay":"3s","no_retry_on_429":false},"filename":"D:\\a\\xet-core\\xet-core\\xet_client\\src\\cas_client\\retry_wrapper.rs","line_number":235}
{"timestamp":"2026-06-28T12:28:42.120410Z","level":"INFO","fields":{"message":"Retry strategy","max_attempts":5,"base_delay":"3s","no_retry_on_429":false},"filename":"D:\\a\\xet-core\\xet-core\\xet_client\\src\\cas_client\\retry_wrapper.rs","line_number":235}
{"timestamp":"2026-06-28T12:28:42.649365Z","level":"INFO","fields":{"message":"Received CAS response","request_id":"01KW73857QVDV0YYP2QQMZS0B5","status_code":206},"filename":"D:\\a\\xet-core\\xet-core\\xet_client\\src\\common\\http_client.rs","line_number":288}
{"timestamp":"2026-06-28T12:28:42.649395Z","level":"INFO","fields":{"message":"Request Success: s3::get_range api call succeeded (request id 01KW73857QVDV0YYP2QQMZS0B5)."},"filename":"D:\\a\\xet-core\\xet-core\\xet_client\\src\\cas_client\\retry_wrapper.rs","line_number":196}
{"timestamp":"2026-06-28T12:28:42.658769Z","level":"INFO","fields":{"message":"Received CAS response","request_id":"01KW73857VKH49X3W7Y7DV8YM0","status_code":206},"filename":"D:\\a\\xet-core\\xet-core\\xet_client\\src\\common\\http_client.rs","line_number":288}
{"timestamp":"2026-06-28T12:28:42.658839Z","level":"INFO","fields":{"message":"Request Success: s3::get_range api call succeeded (request id 01KW73857VKH49X3W7Y7DV8YM0)."},"filename":"D:\\a\\xet-core\\xet-core\\xet_client\\src\\cas_client\\retry_wrapper.rs","line_number":196}
{"timestamp":"2026-06-28T12:28:43.876564Z","level":"INFO","fields":{"message":"Retry strategy","max_attempts":5,"base_delay":"3s","no_retry_on_429":false},"filename":"D:\\a\\xet-core\\xet-core\\xet_client\\src\\cas_client\\retry_wrapper.rs","line_number":235}
{"timestamp":"2026-06-28T12:28:44.585445Z","level":"INFO","fields":{"message":"Received CAS response","request_id":"01KW7386YTJKWPZQRC3W3V5JM7","status_code":206},"filename":"D:\\a\\xet-core\\xet-core\\xet_client\\src\\common\\http_client.rs","line_number":288}
{"timestamp":"2026-06-28T12:28:44.585476Z","level":"INFO","fields":{"message":"Request Success: s3::get_range api call succeeded (request id 01KW7386YTJKWPZQRC3W3V5JM7)."},"filename":"D:\\a\\xet-core\\xet-core\\xet_client\\src\\cas_client\\retry_wrapper.rs","line_number":196}
{"timestamp":"2026-06-28T12:28:45.596213Z","level":"INFO","fields":{"message":"Retry strategy","max_attempts":5,"base_delay":"3s","no_retry_on_429":false},"filename":"D:\\a\\xet-core\\xet-core\\xet_client\\src\\cas_client\\retry_wrapper.rs","line_number":235}
{"timestamp":"2026-06-28T12:28:45.970453Z","level":"INFO","fields":{"message":"Retry strategy","max_attempts":5,"base_delay":"3s","no_retry_on_429":false},"filename":"D:\\a\\xet-core\\xet-core\\xet_client\\src\\cas_client\\retry_wrapper.rs","line_number":235}
{"timestamp":"2026-06-28T12:28:46.392492Z","level":"INFO","fields":{"message":"Received CAS response","request_id":"01KW7388KS5G08JA47RABJJBYW","status_code":206},"filename":"D:\\a\\xet-core\\xet-core\\xet_client\\src\\common\\http_client.rs","line_number":288}
{"timestamp":"2026-06-28T12:28:46.392518Z","level":"INFO","fields":{"message":"Request Success: s3::get_range api call succeeded (request id 01KW7388KS5G08JA47RABJJBYW)."},"filename":"D:\\a\\xet-core\\xet-core\\xet_client\\src\\cas_client\\retry_wrapper.rs","line_number":196}
{"timestamp":"2026-06-28T12:28:46.802163Z","level":"INFO","fields":{"message":"Received CAS response","request_id":"01KW7388ZNZRRMFCW2594CMRHQ","status_code":206},"filename":"D:\\a\\xet-core\\xet-core\\xet_client\\src\\common\\http_client.rs","line_number":288}
{"timestamp":"2026-06-28T12:28:46.802193Z","level":"INFO","fields":{"message":"Request Success: s3::get_range api call succeeded (request id 01KW7388ZNZRRMFCW2594CMRHQ)."},"filename":"D:\\a\\xet-core\\xet-core\\xet_client\\src\\cas_client\\retry_wrapper.rs","line_number":196}
{"timestamp":"2026-06-28T12:28:49.350827Z","level":"INFO","fields":{"message":"Retry strategy","max_attempts":5,"base_delay":"3s","no_retry_on_429":false},"filename":"D:\\a\\xet-core\\xet-core\\xet_client\\src\\cas_client\\retry_wrapper.rs","line_number":235}
{"timestamp":"2026-06-28T12:28:50.190318Z","level":"INFO","fields":{"message":"Received CAS response","request_id":"01KW738CAZR8M4SZECTHH7HSHG","status_code":206},"filename":"D:\\a\\xet-core\\xet-core\\xet_client\\src\\common\\http_client.rs","line_number":288}
{"timestamp":"2026-06-28T12:28:50.190349Z","level":"INFO","fields":{"message":"Request Success: s3::get_range api call succeeded (request id 01KW738CAZR8M4SZECTHH7HSHG)."},"filename":"D:\\a\\xet-core\\xet-core\\xet_client\\src\\cas_client\\retry_wrapper.rs","line_number":196}
{"timestamp":"2026-06-28T12:28:50.691499Z","level":"INFO","fields":{"message":"Concurrency control for download: Increased concurrency from 20 to 21; reason: success ratio 1.000 is above threshold 0.800 and predicted RTT for 35MB at new concurrency is 25.61s < target 60.0s"},"filename":"D:\\a\\xet-core\\xet-core\\xet_client\\src\\cas_client\\adaptive_concurrency\\controller.rs","line_number":543}
{"timestamp":"2026-06-28T12:28:50.691579Z","level":"INFO","fields":{"message":"Retry strategy","max_attempts":5,"base_delay":"3s","no_retry_on_429":false},"filename":"D:\\a\\xet-core\\xet-core\\xet_client\\src\\cas_client\\retry_wrapper.rs","line_number":235}
{"timestamp":"2026-06-28T12:28:50.691690Z","level":"INFO","fields":{"message":"Retry strategy","max_attempts":5,"base_delay":"3s","no_retry_on_429":false},"filename":"D:\\a\\xet-core\\xet-core\\xet_client\\src\\cas_client\\retry_wrapper.rs","line_number":235}
{"timestamp":"2026-06-28T12:28:50.966482Z","level":"INFO","fields":{"message":"Concurrency control for download: Current concurrency = 21; predicted bandwidth = 2239676; success_ratio = 1.000; reference_size = 35.3MB; observed bytes sent so far = 1494095040; completed transmissions = 159"},"filename":"D:\\a\\xet-core\\xet-core\\xet_client\\src\\cas_client\\adaptive_concurrency\\controller.rs","line_number":597}
{"timestamp":"2026-06-28T12:28:51.262479Z","level":"INFO","fields":{"message":"Concurrency control for download: Increased concurrency from 21 to 22; reason: success ratio 1.000 is above threshold 0.800 and predicted RTT for 35MB at new concurrency is 30.50s < target 60.0s"},"filename":"D:\\a\\xet-core\\xet-core\\xet_client\\src\\cas_client\\adaptive_concurrency\\controller.rs","line_number":543}
{"timestamp":"2026-06-28T12:28:51.262706Z","level":"INFO","fields":{"message":"Retry strategy","max_attempts":5,"base_delay":"3s","no_retry_on_429":false},"filename":"D:\\a\\xet-core\\xet-core\\xet_client\\src\\cas_client\\retry_wrapper.rs","line_number":235}
{"timestamp":"2026-06-28T12:28:51.620141Z","level":"INFO","fields":{"message":"Retry strategy","max_attempts":5,"base_delay":"3s","no_retry_on_429":false},"filename":"D:\\a\\xet-core\\xet-core\\xet_client\\src\\cas_client\\retry_wrapper.rs","line_number":235}
{"timestamp":"2026-06-28T12:28:51.634832Z","level":"INFO","fields":{"message":"Received CAS response","request_id":"01KW738DKYPC3ZSMXW73WCXMWG","status_code":206},"filename":"D:\\a\\xet-core\\xet-core\\xet_client\\src\\common\\http_client.rs","line_number":288}
{"timestamp":"2026-06-28T12:28:51.634858Z","level":"INFO","fields":{"message":"Request Success: s3::get_range api call succeeded (request id 01KW738DKYPC3ZSMXW73WCXMWG)."},"filename":"D:\\a\\xet-core\\xet-core\\xet_client\\src\\cas_client\\retry_wrapper.rs","line_number":196}
{"timestamp":"2026-06-28T12:28:51.717395Z","level":"INFO","fields":{"message":"Received CAS response","request_id":"01KW738DM8GD499GAG80CP1BWQ","status_code":206},"filename":"D:\\a\\xet-core\\xet-core\\xet_client\\src\\common\\http_client.rs","line_number":288}
{"timestamp":"2026-06-28T12:28:51.717419Z","level":"INFO","fields":{"message":"Request Success: s3::get_range api call succeeded (request id 01KW738DM8GD499GAG80CP1BWQ)."},"filename":"D:\\a\\xet-core\\xet-core\\xet_client\\src\\cas_client\\retry_wrapper.rs","line_number":196}
{"timestamp":"2026-06-28T12:28:51.766558Z","level":"INFO","fields":{"message":"Concurrency control for download: Increased concurrency from 22 to 23; reason: success ratio 1.000 is above threshold 0.800 and predicted RTT for 34MB at new concurrency is 14.43s < target 60.0s"},"filename":"D:\\a\\xet-core\\xet-core\\xet_client\\src\\cas_client\\adaptive_concurrency\\controller.rs","line_number":543}
{"timestamp":"2026-06-28T12:28:51.766598Z","level":"INFO","fields":{"message":"Retry strategy","max_attempts":5,"base_delay":"3s","no_retry_on_429":false},"filename":"D:\\a\\xet-core\\xet-core\\xet_client\\src\\cas_client\\retry_wrapper.rs","line_number":235}
{"timestamp":"2026-06-28T12:28:52.273359Z","level":"INFO","fields":{"message":"Concurrency control for download: Increased concurrency from 23 to 24; reason: success ratio 1.000 is above threshold 0.800 and predicted RTT for 34MB at new concurrency is 21.37s < target 60.0s"},"filename":"D:\\a\\xet-core\\xet-core\\xet_client\\src\\cas_client\\adaptive_concurrency\\controller.rs","line_number":543}
{"timestamp":"2026-06-28T12:28:52.273430Z","level":"INFO","fields":{"message":"Retry strategy","max_attempts":5,"base_delay":"3s","no_retry_on_429":false},"filename":"D:\\a\\xet-core\\xet-core\\xet_client\\src\\cas_client\\retry_wrapper.rs","line_number":235}
{"timestamp":"2026-06-28T12:28:52.502304Z","level":"INFO","fields":{"message":"Received CAS response","request_id":"01KW738E605510JWA4ADXK9YA6","status_code":206},"filename":"D:\\a\\xet-core\\xet-core\\xet_client\\src\\common\\http_client.rs","line_number":288}
{"timestamp":"2026-06-28T12:28:52.502340Z","level":"INFO","fields":{"message":"Request Success: s3::get_range api call succeeded (request id 01KW738E605510JWA4ADXK9YA6)."},"filename":"D:\\a\\xet-core\\xet-core\\xet_client\\src\\cas_client\\retry_wrapper.rs","line_number":196}
{"timestamp":"2026-06-28T12:28:52.751712Z","level":"INFO","fields":{"message":"Received CAS response","request_id":"01KW738EFYKY3VY1F4DDYCZRW1","status_code":206},"filename":"D:\\a\\xet-core\\xet-core\\xet_client\\src\\common\\http_client.rs","line_number":288}
{"timestamp":"2026-06-28T12:28:52.751765Z","level":"INFO","fields":{"message":"Request Success: s3::get_range api call succeeded (request id 01KW738EFYKY3VY1F4DDYCZRW1)."},"filename":"D:\\a\\xet-core\\xet-core\\xet_client\\src\\cas_client\\retry_wrapper.rs","line_number":196}
{"timestamp":"2026-06-28T12:28:52.780473Z","level":"INFO","fields":{"message":"Concurrency control for download: Increased concurrency from 24 to 25; reason: success ratio 1.000 is above threshold 0.800 and predicted RTT for 34MB at new concurrency is 22.08s < target 60.0s"},"filename":"D:\\a\\xet-core\\xet-core\\xet_client\\src\\cas_client\\adaptive_concurrency\\controller.rs","line_number":543}
{"timestamp":"2026-06-28T12:28:52.780542Z","level":"INFO","fields":{"message":"Retry strategy","max_attempts":5,"base_delay":"3s","no_retry_on_429":false},"filename":"D:\\a\\xet-core\\xet-core\\xet_client\\src\\cas_client\\retry_wrapper.rs","line_number":235}
{"timestamp":"2026-06-28T12:28:52.874315Z","level":"INFO","fields":{"message":"Received CAS response","request_id":"01KW738EMPRYR2MC64GVVRHKFV","status_code":206},"filename":"D:\\a\\xet-core\\xet-core\\xet_client\\src\\common\\http_client.rs","line_number":288}
{"timestamp":"2026-06-28T12:28:52.874364Z","level":"INFO","fields":{"message":"Request Success: s3::get_range api call succeeded (request id 01KW738EMPRYR2MC64GVVRHKFV)."},"filename":"D:\\a\\xet-core\\xet-core\\xet_client\\src\\cas_client\\retry_wrapper.rs","line_number":196}
{"timestamp":"2026-06-28T12:28:53.299389Z","level":"INFO","fields":{"message":"Concurrency control for download: Increased concurrency from 25 to 26; reason: success ratio 1.000 is above threshold 0.800 and predicted RTT for 34MB at new concurrency is 32.01s < target 60.0s"},"filename":"D:\\a\\xet-core\\xet-core\\xet_client\\src\\cas_client\\adaptive_concurrency\\controller.rs","line_number":543}
{"timestamp":"2026-06-28T12:28:53.299521Z","level":"INFO","fields":{"message":"Retry strategy","max_attempts":5,"base_delay":"3s","no_retry_on_429":false},"filename":"D:\\a\\xet-core\\xet-core\\xet_client\\src\\cas_client\\retry_wrapper.rs","line_number":235}
{"timestamp":"2026-06-28T12:28:53.762733Z","level":"INFO","fields":{"message":"Received CAS response","request_id":"01KW738G61XW9W3WSEYX5DP5J2","status_code":206},"filename":"D:\\a\\xet-core\\xet-core\\xet_client\\src\\common\\http_client.rs","line_number":288}
{"timestamp":"2026-06-28T12:28:53.762781Z","level":"INFO","fields":{"message":"Request Success: s3::get_range api call succeeded (request id 01KW738G61XW9W3WSEYX5DP5J2)."},"filename":"D:\\a\\xet-core\\xet-core\\xet_client\\src\\cas_client\\retry_wrapper.rs","line_number":196}
{"timestamp":"2026-06-28T12:28:53.804824Z","level":"INFO","fields":{"message":"Concurrency control for download: Increased concurrency from 26 to 27; reason: success ratio 1.000 is above threshold 0.800 and predicted RTT for 34MB at new concurrency is 56.00s < target 60.0s"},"filename":"D:\\a\\xet-core\\xet-core\\xet_client\\src\\cas_client\\adaptive_concurrency\\controller.rs","line_number":543}
{"timestamp":"2026-06-28T12:28:53.804898Z","level":"INFO","fields":{"message":"Retry strategy","max_attempts":5,"base_delay":"3s","no_retry_on_429":false},"filename":"D:\\a\\xet-core\\xet-core\\xet_client\\src\\cas_client\\retry_wrapper.rs","line_number":235}
{"timestamp":"2026-06-28T12:28:53.806731Z","level":"INFO","fields":{"message":"Received CAS response","request_id":"01KW738G71M0DR5DZXSYN6KC0G","status_code":206},"filename":"D:\\a\\xet-core\\xet-core\\xet_client\\src\\common\\http_client.rs","line_number":288}
{"timestamp":"2026-06-28T12:28:53.806766Z","level":"INFO","fields":{"message":"Request Success: s3::get_range api call succeeded (request id 01KW738G71M0DR5DZXSYN6KC0G)."},"filename":"D:\\a\\xet-core\\xet-core\\xet_client\\src\\cas_client\\retry_wrapper.rs","line_number":196}
{"timestamp":"2026-06-28T12:28:54.738388Z","level":"INFO","fields":{"message":"Received CAS response","request_id":"01KW738GZKAJPWM3ZAF5W13J0W","status_code":206},"filename":"D:\\a\\xet-core\\xet-core\\xet_client\\src\\common\\http_client.rs","line_number":288}
{"timestamp":"2026-06-28T12:28:54.738420Z","level":"INFO","fields":{"message":"Request Success: s3::get_range api call succeeded (request id 01KW738GZKAJPWM3ZAF5W13J0W)."},"filename":"D:\\a\\xet-core\\xet-core\\xet_client\\src\\cas_client\\retry_wrapper.rs","line_number":196}
{"timestamp":"2026-06-28T12:28:55.606353Z","level":"INFO","fields":{"message":"Received CAS response","request_id":"01KW738HTDDMM18AGAAHMZ1921","status_code":206},"filename":"D:\\a\\xet-core\\xet-core\\xet_client\\src\\common\\http_client.rs","line_number":288}
{"timestamp":"2026-06-28T12:28:55.606385Z","level":"INFO","fields":{"message":"Request Success: s3::get_range api call succeeded (request id 01KW738HTDDMM18AGAAHMZ1921)."},"filename":"D:\\a\\xet-core\\xet-core\\xet_client\\src\\cas_client\\retry_wrapper.rs","line_number":196}
{"timestamp":"2026-06-28T12:28:59.889030Z","level":"INFO","fields":{"message":"Retry strategy","max_attempts":5,"base_delay":"3s","no_retry_on_429":false},"filename":"D:\\a\\xet-core\\xet-core\\xet_client\\src\\cas_client\\retry_wrapper.rs","line_number":235}
{"timestamp":"2026-06-28T12:29:00.757661Z","level":"INFO","fields":{"message":"Received CAS response","request_id":"01KW738PJ5M1SS852CTNA9P9Z4","status_code":206},"filename":"D:\\a\\xet-core\\xet-core\\xet_client\\src\\common\\http_client.rs","line_number":288}
{"timestamp":"2026-06-28T12:29:00.757707Z","level":"INFO","fields":{"message":"Request Success: s3::get_range api call succeeded (request id 01KW738PJ5M1SS852CTNA9P9Z4)."},"filename":"D:\\a\\xet-core\\xet-core\\xet_client\\src\\cas_client\\retry_wrapper.rs","line_number":196}
{"timestamp":"2026-06-28T12:29:00.871489Z","level":"INFO","fields":{"message":"Retry strategy","max_attempts":5,"base_delay":"3s","no_retry_on_429":false},"filename":"D:\\a\\xet-core\\xet-core\\xet_client\\src\\cas_client\\retry_wrapper.rs","line_number":235}
{"timestamp":"2026-06-28T12:29:01.006249Z","level":"INFO","fields":{"message":"Concurrency control for download: Current concurrency = 27; predicted bandwidth = 660507; success_ratio = 1.000; reference_size = 35.2MB; observed bytes sent so far = 1544947254; completed transmissions = 162"},"filename":"D:\\a\\xet-core\\xet-core\\xet_client\\src\\cas_client\\adaptive_concurrency\\controller.rs","line_number":597}
{"timestamp":"2026-06-28T12:29:01.833238Z","level":"INFO","fields":{"message":"Received CAS response","request_id":"01KW738QHBP6ZPN99QR21FNA3B","status_code":206},"filename":"D:\\a\\xet-core\\xet-core\\xet_client\\src\\common\\http_client.rs","line_number":288}
{"timestamp":"2026-06-28T12:29:01.833313Z","level":"INFO","fields":{"message":"Request Success: s3::get_range api call succeeded (request id 01KW738QHBP6ZPN99QR21FNA3B)."},"filename":"D:\\a\\xet-core\\xet-core\\xet_client\\src\\cas_client\\retry_wrapper.rs","line_number":196}
{"timestamp":"2026-06-28T12:29:02.540882Z","level":"INFO","fields":{"message":"Retry strategy","max_attempts":5,"base_delay":"3s","no_retry_on_429":false},"filename":"D:\\a\\xet-core\\xet-core\\xet_client\\src\\cas_client\\retry_wrapper.rs","line_number":235}
{"timestamp":"2026-06-28T12:29:02.630172Z","level":"INFO","fields":{"message":"Retry strategy","max_attempts":5,"base_delay":"3s","no_retry_on_429":false},"filename":"D:\\a\\xet-core\\xet-core\\xet_client\\src\\cas_client\\retry_wrapper.rs","line_number":235}
{"timestamp":"2026-06-28T12:29:03.459939Z","level":"INFO","fields":{"message":"Received CAS response","request_id":"01KW738S5759J7547NT3QGBDNH","status_code":206},"filename":"D:\\a\\xet-core\\xet-core\\xet_client\\src\\common\\http_client.rs","line_number":288}
{"timestamp":"2026-06-28T12:29:03.459983Z","level":"INFO","fields":{"message":"Request Success: s3::get_range api call succeeded (request id 01KW738S5759J7547NT3QGBDNH)."},"filename":"D:\\a\\xet-core\\xet-core\\xet_client\\src\\cas_client\\retry_wrapper.rs","line_number":196}
{"timestamp":"2026-06-28T12:29:03.583787Z","level":"INFO","fields":{"message":"Received CAS response","request_id":"01KW738S8RVJ1Q3HPG6PG10TXN","status_code":206},"filename":"D:\\a\\xet-core\\xet-core\\xet_client\\src\\common\\http_client.rs","line_number":288}
{"timestamp":"2026-06-28T12:29:03.583832Z","level":"INFO","fields":{"message":"Request Success: s3::get_range api call succeeded (request id 01KW738S8RVJ1Q3HPG6PG10TXN)."},"filename":"D:\\a\\xet-core\\xet-core\\xet_client\\src\\cas_client\\retry_wrapper.rs","line_number":196}
{"timestamp":"2026-06-28T12:29:05.850967Z","level":"INFO","fields":{"message":"Retry strategy","max_attempts":5,"base_delay":"3s","no_retry_on_429":false},"filename":"D:\\a\\xet-core\\xet-core\\xet_client\\src\\cas_client\\retry_wrapper.rs","line_number":235}
{"timestamp":"2026-06-28T12:29:06.496479Z","level":"INFO","fields":{"message":"Received CAS response","request_id":"01KW738WCQ7V4C9X8BPK4X9BSJ","status_code":206},"filename":"D:\\a\\xet-core\\xet-core\\xet_client\\src\\common\\http_client.rs","line_number":288}
{"timestamp":"2026-06-28T12:29:06.496574Z","level":"INFO","fields":{"message":"Request Success: s3::get_range api call succeeded (request id 01KW738WCQ7V4C9X8BPK4X9BSJ)."},"filename":"D:\\a\\xet-core\\xet-core\\xet_client\\src\\cas_client\\retry_wrapper.rs","line_number":196}
{"timestamp":"2026-06-28T12:29:07.601377Z","level":"INFO","fields":{"message":"Retry strategy","max_attempts":5,"base_delay":"3s","no_retry_on_429":false},"filename":"D:\\a\\xet-core\\xet-core\\xet_client\\src\\cas_client\\retry_wrapper.rs","line_number":235}
{"timestamp":"2026-06-28T12:29:08.026908Z","level":"INFO","fields":{"message":"Received CAS response","request_id":"01KW738Y3KFKX4V3B22YB97DY8","status_code":206},"filename":"D:\\a\\xet-core\\xet-core\\xet_client\\src\\common\\http_client.rs","line_number":288}
{"timestamp":"2026-06-28T12:29:08.026935Z","level":"INFO","fields":{"message":"Request Success: s3::get_range api call succeeded (request id 01KW738Y3KFKX4V3B22YB97DY8)."},"filename":"D:\\a\\xet-core\\xet-core\\xet_client\\src\\cas_client\\retry_wrapper.rs","line_number":196}
{"timestamp":"2026-06-28T12:29:08.143666Z","level":"INFO","fields":{"message":"Retry strategy","max_attempts":5,"base_delay":"3s","no_retry_on_429":false},"filename":"D:\\a\\xet-core\\xet-core\\xet_client\\src\\cas_client\\retry_wrapper.rs","line_number":235}
{"timestamp":"2026-06-28T12:29:08.599336Z","level":"INFO","fields":{"message":"Received CAS response","request_id":"01KW738YNZNVWJMX67D6VPEFBV","status_code":206},"filename":"D:\\a\\xet-core\\xet-core\\xet_client\\src\\common\\http_client.rs","line_number":288}
{"timestamp":"2026-06-28T12:29:08.599393Z","level":"INFO","fields":{"message":"Request Success: s3::get_range api call succeeded (request id 01KW738YNZNVWJMX67D6VPEFBV)."},"filename":"D:\\a\\xet-core\\xet-core\\xet_client\\src\\cas_client\\retry_wrapper.rs","line_number":196}
{"timestamp":"2026-06-28T12:29:08.835252Z","level":"INFO","fields":{"message":"Retry strategy","max_attempts":5,"base_delay":"3s","no_retry_on_429":false},"filename":"D:\\a\\xet-core\\xet-core\\xet_client\\src\\cas_client\\retry_wrapper.rs","line_number":235}
{"timestamp":"2026-06-28T12:29:08.885899Z","level":"INFO","fields":{"message":"Retry strategy","max_attempts":5,"base_delay":"3s","no_retry_on_429":false},"filename":"D:\\a\\xet-core\\xet-core\\xet_client\\src\\cas_client\\retry_wrapper.rs","line_number":235}
{"timestamp":"2026-06-28T12:29:09.288860Z","level":"INFO","fields":{"message":"Received CAS response","request_id":"01KW738ZA5Y68PWBH5NVDXRWBA","status_code":206},"filename":"D:\\a\\xet-core\\xet-core\\xet_client\\src\\common\\http_client.rs","line_number":288}
{"timestamp":"2026-06-28T12:29:09.288891Z","level":"INFO","fields":{"message":"Request Success: s3::get_range api call succeeded (request id 01KW738ZA5Y68PWBH5NVDXRWBA)."},"filename":"D:\\a\\xet-core\\xet-core\\xet_client\\src\\cas_client\\retry_wrapper.rs","line_number":196}
{"timestamp":"2026-06-28T12:29:09.349790Z","level":"INFO","fields":{"message":"Received CAS response","request_id":"01KW738ZBN69N0SAW8CDN3K8RK","status_code":206},"filename":"D:\\a\\xet-core\\xet-core\\xet_client\\src\\common\\http_client.rs","line_number":288}
{"timestamp":"2026-06-28T12:29:09.349824Z","level":"INFO","fields":{"message":"Request Success: s3::get_range api call succeeded (request id 01KW738ZBN69N0SAW8CDN3K8RK)."},"filename":"D:\\a\\xet-core\\xet-core\\xet_client\\src\\cas_client\\retry_wrapper.rs","line_number":196}
{"timestamp":"2026-06-28T12:29:10.899339Z","level":"INFO","fields":{"message":"Retry strategy","max_attempts":5,"base_delay":"3s","no_retry_on_429":false},"filename":"D:\\a\\xet-core\\xet-core\\xet_client\\src\\cas_client\\retry_wrapper.rs","line_number":235}
{"timestamp":"2026-06-28T12:29:11.014763Z","level":"INFO","fields":{"message":"Concurrency control for download: Current concurrency = 27; predicted bandwidth = 2634028; success_ratio = 1.000; reference_size = 34.7MB; observed bytes sent so far = 1599900804; completed transmissions = 170"},"filename":"D:\\a\\xet-core\\xet-core\\xet_client\\src\\cas_client\\adaptive_concurrency\\controller.rs","line_number":597}
{"timestamp":"2026-06-28T12:29:11.470813Z","level":"INFO","fields":{"message":"Received CAS response","request_id":"01KW7391ARANFE2PPVQCD4ZSZV","status_code":206},"filename":"D:\\a\\xet-core\\xet-core\\xet_client\\src\\common\\http_client.rs","line_number":288}
{"timestamp":"2026-06-28T12:29:11.470864Z","level":"INFO","fields":{"message":"Request Success: s3::get_range api call succeeded (request id 01KW7391ARANFE2PPVQCD4ZSZV)."},"filename":"D:\\a\\xet-core\\xet-core\\xet_client\\src\\cas_client\\retry_wrapper.rs","line_number":196}
{"timestamp":"2026-06-28T12:29:12.896778Z","level":"INFO","fields":{"message":"Concurrency control for download: Increased concurrency from 27 to 28; reason: success ratio 1.000 is above threshold 0.800 and predicted RTT for 34MB at new concurrency is 58.37s < target 60.0s"},"filename":"D:\\a\\xet-core\\xet-core\\xet_client\\src\\cas_client\\adaptive_concurrency\\controller.rs","line_number":543}
{"timestamp":"2026-06-28T12:29:12.896827Z","level":"INFO","fields":{"message":"Retry strategy","max_attempts":5,"base_delay":"3s","no_retry_on_429":false},"filename":"D:\\a\\xet-core\\xet-core\\xet_client\\src\\cas_client\\retry_wrapper.rs","line_number":235}
{"timestamp":"2026-06-28T12:29:13.378793Z","level":"INFO","fields":{"message":"Retry strategy","max_attempts":5,"base_delay":"3s","no_retry_on_429":false},"filename":"D:\\a\\xet-core\\xet-core\\xet_client\\src\\cas_client\\retry_wrapper.rs","line_number":235}
{"timestamp":"2026-06-28T12:29:13.398783Z","level":"INFO","fields":{"message":"Concurrency control for download: Increased concurrency from 28 to 29; reason: success ratio 1.000 is above threshold 0.800 and predicted RTT for 35MB at new concurrency is 29.66s < target 60.0s"},"filename":"D:\\a\\xet-core\\xet-core\\xet_client\\src\\cas_client\\adaptive_concurrency\\controller.rs","line_number":543}
{"timestamp":"2026-06-28T12:29:13.398830Z","level":"INFO","fields":{"message":"Retry strategy","max_attempts":5,"base_delay":"3s","no_retry_on_429":false},"filename":"D:\\a\\xet-core\\xet-core\\xet_client\\src\\cas_client\\retry_wrapper.rs","line_number":235}
{"timestamp":"2026-06-28T12:29:13.512052Z","level":"INFO","fields":{"message":"Retry strategy","max_attempts":5,"base_delay":"3s","no_retry_on_429":false},"filename":"D:\\a\\xet-core\\xet-core\\xet_client\\src\\cas_client\\retry_wrapper.rs","line_number":235}
{"timestamp":"2026-06-28T12:29:13.839731Z","level":"INFO","fields":{"message":"Received CAS response","request_id":"01KW7393SJQG6BY4FTW2DCQP44","status_code":206},"filename":"D:\\a\\xet-core\\xet-core\\xet_client\\src\\common\\http_client.rs","line_number":288}
{"timestamp":"2026-06-28T12:29:13.839776Z","level":"INFO","fields":{"message":"Request Success: s3::get_range api call succeeded (request id 01KW7393SJQG6BY4FTW2DCQP44)."},"filename":"D:\\a\\xet-core\\xet-core\\xet_client\\src\\cas_client\\retry_wrapper.rs","line_number":196}
{"timestamp":"2026-06-28T12:29:13.906130Z","level":"INFO","fields":{"message":"Concurrency control for download: Increased concurrency from 29 to 30; reason: success ratio 1.000 is above threshold 0.800 and predicted RTT for 35MB at new concurrency is 10.25s < target 60.0s"},"filename":"D:\\a\\xet-core\\xet-core\\xet_client\\src\\cas_client\\adaptive_concurrency\\controller.rs","line_number":543}
{"timestamp":"2026-06-28T12:29:13.906210Z","level":"INFO","fields":{"message":"Retry strategy","max_attempts":5,"base_delay":"3s","no_retry_on_429":false},"filename":"D:\\a\\xet-core\\xet-core\\xet_client\\src\\cas_client\\retry_wrapper.rs","line_number":235}
{"timestamp":"2026-06-28T12:29:14.018579Z","level":"INFO","fields":{"message":"Received CAS response","request_id":"01KW7393Y92QDNC8K42WAFW0ZB","status_code":206},"filename":"D:\\a\\xet-core\\xet-core\\xet_client\\src\\common\\http_client.rs","line_number":288}
{"timestamp":"2026-06-28T12:29:14.018612Z","level":"INFO","fields":{"message":"Request Success: s3::get_range api call succeeded (request id 01KW7393Y92QDNC8K42WAFW0ZB)."},"filename":"D:\\a\\xet-core\\xet-core\\xet_client\\src\\cas_client\\retry_wrapper.rs","line_number":196}
{"timestamp":"2026-06-28T12:29:14.184637Z","level":"INFO","fields":{"message":"Retry strategy","max_attempts":5,"base_delay":"3s","no_retry_on_429":false},"filename":"D:\\a\\xet-core\\xet-core\\xet_client\\src\\cas_client\\retry_wrapper.rs","line_number":235}
{"timestamp":"2026-06-28T12:29:14.409702Z","level":"INFO","fields":{"message":"Concurrency control for download: Increased concurrency from 30 to 31; reason: success ratio 1.000 is above threshold 0.800 and predicted RTT for 35MB at new concurrency is 14.02s < target 60.0s"},"filename":"D:\\a\\xet-core\\xet-core\\xet_client\\src\\cas_client\\adaptive_concurrency\\controller.rs","line_number":543}
{"timestamp":"2026-06-28T12:29:14.409746Z","level":"INFO","fields":{"message":"Retry strategy","max_attempts":5,"base_delay":"3s","no_retry_on_429":false},"filename":"D:\\a\\xet-core\\xet-core\\xet_client\\src\\cas_client\\retry_wrapper.rs","line_number":235}
{"timestamp":"2026-06-28T12:29:14.627829Z","level":"INFO","fields":{"message":"Received CAS response","request_id":"01KW7394DN9VP7CD63EY3Z1RZ8","status_code":206},"filename":"D:\\a\\xet-core\\xet-core\\xet_client\\src\\common\\http_client.rs","line_number":288}
{"timestamp":"2026-06-28T12:29:14.627856Z","level":"INFO","fields":{"message":"Request Success: s3::get_range api call succeeded (request id 01KW7394DN9VP7CD63EY3Z1RZ8)."},"filename":"D:\\a\\xet-core\\xet-core\\xet_client\\src\\cas_client\\retry_wrapper.rs","line_number":196}
{"timestamp":"2026-06-28T12:29:14.744883Z","level":"INFO","fields":{"message":"Received CAS response","request_id":"01KW7394H9AQ389EQ4GF2A3DK8","status_code":206},"filename":"D:\\a\\xet-core\\xet-core\\xet_client\\src\\common\\http_client.rs","line_number":288}
{"timestamp":"2026-06-28T12:29:14.744909Z","level":"INFO","fields":{"message":"Request Success: s3::get_range api call succeeded (request id 01KW7394H9AQ389EQ4GF2A3DK8)."},"filename":"D:\\a\\xet-core\\xet-core\\xet_client\\src\\cas_client\\retry_wrapper.rs","line_number":196}
{"timestamp":"2026-06-28T12:29:14.917022Z","level":"INFO","fields":{"message":"Concurrency control for download: Increased concurrency from 31 to 32; reason: success ratio 1.000 is above threshold 0.800 and predicted RTT for 35MB at new concurrency is 18.14s < target 60.0s"},"filename":"D:\\a\\xet-core\\xet-core\\xet_client\\src\\cas_client\\adaptive_concurrency\\controller.rs","line_number":543}
{"timestamp":"2026-06-28T12:29:14.917124Z","level":"INFO","fields":{"message":"Retry strategy","max_attempts":5,"base_delay":"3s","no_retry_on_429":false},"filename":"D:\\a\\xet-core\\xet-core\\xet_client\\src\\cas_client\\retry_wrapper.rs","line_number":235}
{"timestamp":"2026-06-28T12:29:15.069121Z","level":"INFO","fields":{"message":"Received CAS response","request_id":"01KW7394SHPH4P7B9TVTM4P05M","status_code":206},"filename":"D:\\a\\xet-core\\xet-core\\xet_client\\src\\common\\http_client.rs","line_number":288}
{"timestamp":"2026-06-28T12:29:15.069152Z","level":"INFO","fields":{"message":"Request Success: s3::get_range api call succeeded (request id 01KW7394SHPH4P7B9TVTM4P05M)."},"filename":"D:\\a\\xet-core\\xet-core\\xet_client\\src\\cas_client\\retry_wrapper.rs","line_number":196}
{"timestamp":"2026-06-28T12:29:15.093699Z","level":"INFO","fields":{"message":"Received CAS response","request_id":"01KW7394SYM4FV25F4VX64H1Z4","status_code":206},"filename":"D:\\a\\xet-core\\xet-core\\xet_client\\src\\common\\http_client.rs","line_number":288}
{"timestamp":"2026-06-28T12:29:15.093758Z","level":"INFO","fields":{"message":"Request Success: s3::get_range api call succeeded (request id 01KW7394SYM4FV25F4VX64H1Z4)."},"filename":"D:\\a\\xet-core\\xet-core\\xet_client\\src\\cas_client\\retry_wrapper.rs","line_number":196}
{"timestamp":"2026-06-28T12:29:15.202164Z","level":"INFO","fields":{"message":"Received CAS response","request_id":"01KW7394Z3GS6CV1HWM92AKSMG","status_code":206},"filename":"D:\\a\\xet-core\\xet-core\\xet_client\\src\\common\\http_client.rs","line_number":288}
{"timestamp":"2026-06-28T12:29:15.202206Z","level":"INFO","fields":{"message":"Request Success: s3::get_range api call succeeded (request id 01KW7394Z3GS6CV1HWM92AKSMG)."},"filename":"D:\\a\\xet-core\\xet-core\\xet_client\\src\\cas_client\\retry_wrapper.rs","line_number":196}
{"timestamp":"2026-06-28T12:29:15.418841Z","level":"INFO","fields":{"message":"Concurrency control for download: Increased concurrency from 32 to 33; reason: success ratio 1.000 is above threshold 0.800 and predicted RTT for 35MB at new concurrency is 28.37s < target 60.0s"},"filename":"D:\\a\\xet-core\\xet-core\\xet_client\\src\\cas_client\\adaptive_concurrency\\controller.rs","line_number":543}
{"timestamp":"2026-06-28T12:29:15.418928Z","level":"INFO","fields":{"message":"Retry strategy","max_attempts":5,"base_delay":"3s","no_retry_on_429":false},"filename":"D:\\a\\xet-core\\xet-core\\xet_client\\src\\cas_client\\retry_wrapper.rs","line_number":235}
{"timestamp":"2026-06-28T12:29:15.494169Z","level":"INFO","fields":{"message":"Received CAS response","request_id":"01KW7395BCFZZHHP7JZBD4F6V8","status_code":206},"filename":"D:\\a\\xet-core\\xet-core\\xet_client\\src\\common\\http_client.rs","line_number":288}
{"timestamp":"2026-06-28T12:29:15.494202Z","level":"INFO","fields":{"message":"Request Success: s3::get_range api call succeeded (request id 01KW7395BCFZZHHP7JZBD4F6V8)."},"filename":"D:\\a\\xet-core\\xet-core\\xet_client\\src\\cas_client\\retry_wrapper.rs","line_number":196}
{"timestamp":"2026-06-28T12:29:15.638892Z","level":"INFO","fields":{"message":"Received CAS response","request_id":"01KW7395TK5XBA492FGSSQEFQW","status_code":206},"filename":"D:\\a\\xet-core\\xet-core\\xet_client\\src\\common\\http_client.rs","line_number":288}
{"timestamp":"2026-06-28T12:29:15.638951Z","level":"INFO","fields":{"message":"Request Success: s3::get_range api call succeeded (request id 01KW7395TK5XBA492FGSSQEFQW)."},"filename":"D:\\a\\xet-core\\xet-core\\xet_client\\src\\cas_client\\retry_wrapper.rs","line_number":196}
{"timestamp":"2026-06-28T12:29:15.922056Z","level":"INFO","fields":{"message":"Concurrency control for download: Increased concurrency from 33 to 34; reason: success ratio 1.000 is above threshold 0.800 and predicted RTT for 35MB at new concurrency is 37.87s < target 60.0s"},"filename":"D:\\a\\xet-core\\xet-core\\xet_client\\src\\cas_client\\adaptive_concurrency\\controller.rs","line_number":543}
{"timestamp":"2026-06-28T12:29:15.922102Z","level":"INFO","fields":{"message":"Retry strategy","max_attempts":5,"base_delay":"3s","no_retry_on_429":false},"filename":"D:\\a\\xet-core\\xet-core\\xet_client\\src\\cas_client\\retry_wrapper.rs","line_number":235}
{"timestamp":"2026-06-28T12:29:16.182838Z","level":"INFO","fields":{"message":"Received CAS response","request_id":"01KW73967WECF452N5CWJ23QBG","status_code":206},"filename":"D:\\a\\xet-core\\xet-core\\xet_client\\src\\common\\http_client.rs","line_number":288}
{"timestamp":"2026-06-28T12:29:16.182868Z","level":"INFO","fields":{"message":"Request Success: s3::get_range api call succeeded (request id 01KW73967WECF452N5CWJ23QBG)."},"filename":"D:\\a\\xet-core\\xet-core\\xet_client\\src\\cas_client\\retry_wrapper.rs","line_number":196}
{"timestamp":"2026-06-28T12:29:16.211749Z","level":"INFO","fields":{"message":"Retry strategy","max_attempts":5,"base_delay":"3s","no_retry_on_429":false},"filename":"D:\\a\\xet-core\\xet-core\\xet_client\\src\\cas_client\\retry_wrapper.rs","line_number":235}
{"timestamp":"2026-06-28T12:29:16.424565Z","level":"INFO","fields":{"message":"Concurrency control for download: Increased concurrency from 34 to 35; reason: success ratio 1.000 is above threshold 0.800 and predicted RTT for 35MB at new concurrency is 49.05s < target 60.0s"},"filename":"D:\\a\\xet-core\\xet-core\\xet_client\\src\\cas_client\\adaptive_concurrency\\controller.rs","line_number":543}
{"timestamp":"2026-06-28T12:29:16.424613Z","level":"INFO","fields":{"message":"Retry strategy","max_attempts":5,"base_delay":"3s","no_retry_on_429":false},"filename":"D:\\a\\xet-core\\xet-core\\xet_client\\src\\cas_client\\retry_wrapper.rs","line_number":235}
{"timestamp":"2026-06-28T12:29:16.649278Z","level":"INFO","fields":{"message":"Received CAS response","request_id":"01KW7396GSFHCMPSZJ32KTHRZQ","status_code":206},"filename":"D:\\a\\xet-core\\xet-core\\xet_client\\src\\common\\http_client.rs","line_number":288}
{"timestamp":"2026-06-28T12:29:16.649332Z","level":"INFO","fields":{"message":"Request Success: s3::get_range api call succeeded (request id 01KW7396GSFHCMPSZJ32KTHRZQ)."},"filename":"D:\\a\\xet-core\\xet-core\\xet_client\\src\\cas_client\\retry_wrapper.rs","line_number":196}
{"timestamp":"2026-06-28T12:29:16.856064Z","level":"INFO","fields":{"message":"Received CAS response","request_id":"01KW7396RE1M9VJJ4RA8R9XKMD","status_code":206},"filename":"D:\\a\\xet-core\\xet-core\\xet_client\\src\\common\\http_client.rs","line_number":288}
{"timestamp":"2026-06-28T12:29:16.856115Z","level":"INFO","fields":{"message":"Request Success: s3::get_range api call succeeded (request id 01KW7396RE1M9VJJ4RA8R9XKMD)."},"filename":"D:\\a\\xet-core\\xet-core\\xet_client\\src\\cas_client\\retry_wrapper.rs","line_number":196}
{"timestamp":"2026-06-28T12:29:16.928339Z","level":"INFO","fields":{"message":"Concurrency control for download: Increased concurrency from 35 to 36; reason: success ratio 1.000 is above threshold 0.800 and predicted RTT for 35MB at new concurrency is 57.57s < target 60.0s"},"filename":"D:\\a\\xet-core\\xet-core\\xet_client\\src\\cas_client\\adaptive_concurrency\\controller.rs","line_number":543}
{"timestamp":"2026-06-28T12:29:16.928391Z","level":"INFO","fields":{"message":"Retry strategy","max_attempts":5,"base_delay":"3s","no_retry_on_429":false},"filename":"D:\\a\\xet-core\\xet-core\\xet_client\\src\\cas_client\\retry_wrapper.rs","line_number":235}
{"timestamp":"2026-06-28T12:29:17.328436Z","level":"INFO","fields":{"message":"Received CAS response","request_id":"01KW73977SJRDDFM0S3CSGAY7N","status_code":206},"filename":"D:\\a\\xet-core\\xet-core\\xet_client\\src\\common\\http_client.rs","line_number":288}
{"timestamp":"2026-06-28T12:29:17.328489Z","level":"INFO","fields":{"message":"Request Success: s3::get_range api call succeeded (request id 01KW73977SJRDDFM0S3CSGAY7N)."},"filename":"D:\\a\\xet-core\\xet-core\\xet_client\\src\\cas_client\\retry_wrapper.rs","line_number":196}
{"timestamp":"2026-06-28T12:29:18.565373Z","level":"INFO","fields":{"message":"Retry strategy","max_attempts":5,"base_delay":"3s","no_retry_on_429":false},"filename":"D:\\a\\xet-core\\xet-core\\xet_client\\src\\cas_client\\retry_wrapper.rs","line_number":235}
{"timestamp":"2026-06-28T12:29:18.935561Z","level":"INFO","fields":{"message":"Retry strategy","max_attempts":5,"base_delay":"3s","no_retry_on_429":false},"filename":"D:\\a\\xet-core\\xet-core\\xet_client\\src\\cas_client\\retry_wrapper.rs","line_number":235}
{"timestamp":"2026-06-28T12:29:19.226654Z","level":"INFO","fields":{"message":"Received CAS response","request_id":"01KW7398TEAYDGAKQENTJDP7CN","status_code":206},"filename":"D:\\a\\xet-core\\xet-core\\xet_client\\src\\common\\http_client.rs","line_number":288}
{"timestamp":"2026-06-28T12:29:19.226678Z","level":"INFO","fields":{"message":"Request Success: s3::get_range api call succeeded (request id 01KW7398TEAYDGAKQENTJDP7CN)."},"filename":"D:\\a\\xet-core\\xet-core\\xet_client\\src\\cas_client\\retry_wrapper.rs","line_number":196}
{"timestamp":"2026-06-28T12:29:19.554318Z","level":"INFO","fields":{"message":"Received CAS response","request_id":"01KW73995VW1GZRP7GHWXM0M41","status_code":206},"filename":"D:\\a\\xet-core\\xet-core\\xet_client\\src\\common\\http_client.rs","line_number":288}
{"timestamp":"2026-06-28T12:29:19.554371Z","level":"INFO","fields":{"message":"Request Success: s3::get_range api call succeeded (request id 01KW73995VW1GZRP7GHWXM0M41)."},"filename":"D:\\a\\xet-core\\xet-core\\xet_client\\src\\cas_client\\retry_wrapper.rs","line_number":196}
{"timestamp":"2026-06-28T12:29:19.982297Z","level":"INFO","fields":{"message":"Retry strategy","max_attempts":5,"base_delay":"3s","no_retry_on_429":false},"filename":"D:\\a\\xet-core\\xet-core\\xet_client\\src\\cas_client\\retry_wrapper.rs","line_number":235}
{"timestamp":"2026-06-28T12:29:20.525501Z","level":"INFO","fields":{"message":"Received CAS response","request_id":"01KW739A6V399KZQGK45F1MC1J","status_code":206},"filename":"D:\\a\\xet-core\\xet-core\\xet_client\\src\\common\\http_client.rs","line_number":288}
{"timestamp":"2026-06-28T12:29:20.525553Z","level":"INFO","fields":{"message":"Request Success: s3::get_range api call succeeded (request id 01KW739A6V399KZQGK45F1MC1J)."},"filename":"D:\\a\\xet-core\\xet-core\\xet_client\\src\\cas_client\\retry_wrapper.rs","line_number":196}
{"timestamp":"2026-06-28T12:29:21.047850Z","level":"INFO","fields":{"message":"Concurrency control for download: Current concurrency = 36; predicted bandwidth = 611558; success_ratio = 1.000; reference_size = 33.4MB; observed bytes sent so far = 1655636479; completed transmissions = 177"},"filename":"D:\\a\\xet-core\\xet-core\\xet_client\\src\\cas_client\\adaptive_concurrency\\controller.rs","line_number":597}
{"timestamp":"2026-06-28T12:29:22.404062Z","level":"INFO","fields":{"message":"Retry strategy","max_attempts":5,"base_delay":"3s","no_retry_on_429":false},"filename":"D:\\a\\xet-core\\xet-core\\xet_client\\src\\cas_client\\retry_wrapper.rs","line_number":235}
{"timestamp":"2026-06-28T12:29:22.811852Z","level":"INFO","fields":{"message":"Received CAS response","request_id":"01KW739CN4NA614T0EHS9WJZ7J","status_code":206},"filename":"D:\\a\\xet-core\\xet-core\\xet_client\\src\\common\\http_client.rs","line_number":288}
{"timestamp":"2026-06-28T12:29:22.811913Z","level":"INFO","fields":{"message":"Request Success: s3::get_range api call succeeded (request id 01KW739CN4NA614T0EHS9WJZ7J)."},"filename":"D:\\a\\xet-core\\xet-core\\xet_client\\src\\cas_client\\retry_wrapper.rs","line_number":196}
{"timestamp":"2026-06-28T12:29:22.961433Z","level":"INFO","fields":{"message":"Retry strategy","max_attempts":5,"base_delay":"3s","no_retry_on_429":false},"filename":"D:\\a\\xet-core\\xet-core\\xet_client\\src\\cas_client\\retry_wrapper.rs","line_number":235}
{"timestamp":"2026-06-28T12:29:23.220372Z","level":"INFO","fields":{"message":"Retry strategy","max_attempts":5,"base_delay":"3s","no_retry_on_429":false},"filename":"D:\\a\\xet-core\\xet-core\\xet_client\\src\\cas_client\\retry_wrapper.rs","line_number":235}
{"timestamp":"2026-06-28T12:29:23.479532Z","level":"INFO","fields":{"message":"Received CAS response","request_id":"01KW739D61496ME0TRQDPFJPZ6","status_code":206},"filename":"D:\\a\\xet-core\\xet-core\\xet_client\\src\\common\\http_client.rs","line_number":288}
{"timestamp":"2026-06-28T12:29:23.479572Z","level":"INFO","fields":{"message":"Request Success: s3::get_range api call succeeded (request id 01KW739D61496ME0TRQDPFJPZ6)."},"filename":"D:\\a\\xet-core\\xet-core\\xet_client\\src\\cas_client\\retry_wrapper.rs","line_number":196}
{"timestamp":"2026-06-28T12:29:23.724791Z","level":"INFO","fields":{"message":"Received CAS response","request_id":"01KW739DEA5EJ8J5D17XRK6WK9","status_code":206},"filename":"D:\\a\\xet-core\\xet-core\\xet_client\\src\\common\\http_client.rs","line_number":288}
{"timestamp":"2026-06-28T12:29:23.724817Z","level":"INFO","fields":{"message":"Request Success: s3::get_range api call succeeded (request id 01KW739DEA5EJ8J5D17XRK6WK9)."},"filename":"D:\\a\\xet-core\\xet-core\\xet_client\\src\\cas_client\\retry_wrapper.rs","line_number":196}
{"timestamp":"2026-06-28T12:29:25.198759Z","level":"INFO","fields":{"message":"Retry strategy","max_attempts":5,"base_delay":"3s","no_retry_on_429":false},"filename":"D:\\a\\xet-core\\xet-core\\xet_client\\src\\cas_client\\retry_wrapper.rs","line_number":235}
{"timestamp":"2026-06-28T12:29:25.637636Z","level":"INFO","fields":{"message":"Received CAS response","request_id":"01KW739F9GPN9QDWFMHAJ8Y9NV","status_code":206},"filename":"D:\\a\\xet-core\\xet-core\\xet_client\\src\\common\\http_client.rs","line_number":288}
{"timestamp":"2026-06-28T12:29:25.637669Z","level":"INFO","fields":{"message":"Request Success: s3::get_range api call succeeded (request id 01KW739F9GPN9QDWFMHAJ8Y9NV)."},"filename":"D:\\a\\xet-core\\xet-core\\xet_client\\src\\cas_client\\retry_wrapper.rs","line_number":196}
{"timestamp":"2026-06-28T12:29:29.185120Z","level":"INFO","fields":{"message":"Concurrency control for download: Increased concurrency from 36 to 37; reason: success ratio 1.000 is above threshold 0.800 and predicted RTT for 35MB at new concurrency is 57.17s < target 60.0s"},"filename":"D:\\a\\xet-core\\xet-core\\xet_client\\src\\cas_client\\adaptive_concurrency\\controller.rs","line_number":543}
{"timestamp":"2026-06-28T12:29:30.861677Z","level":"INFO","fields":{"message":"Concurrency control for download: Increased concurrency from 37 to 38; reason: success ratio 1.000 is above threshold 0.800 and predicted RTT for 34MB at new concurrency is 22.16s < target 60.0s"},"filename":"D:\\a\\xet-core\\xet-core\\xet_client\\src\\cas_client\\adaptive_concurrency\\controller.rs","line_number":543}
{"timestamp":"2026-06-28T12:29:31.071694Z","level":"INFO","fields":{"message":"Concurrency control for download: Current concurrency = 38; predicted bandwidth = 253686; success_ratio = 1.000; reference_size = 35.1MB; observed bytes sent so far = 1714457801; completed transmissions = 186"},"filename":"D:\\a\\xet-core\\xet-core\\xet_client\\src\\cas_client\\adaptive_concurrency\\controller.rs","line_number":597}
{"timestamp":"2026-06-28T12:29:31.366420Z","level":"INFO","fields":{"message":"Concurrency control for download: Increased concurrency from 38 to 39; reason: success ratio 1.000 is above threshold 0.800 and predicted RTT for 35MB at new concurrency is 0.00s < target 60.0s"},"filename":"D:\\a\\xet-core\\xet-core\\xet_client\\src\\cas_client\\adaptive_concurrency\\controller.rs","line_number":543}
{"timestamp":"2026-06-28T12:29:31.877498Z","level":"INFO","fields":{"message":"Concurrency control for download: Increased concurrency from 39 to 40; reason: success ratio 1.000 is above threshold 0.800 and predicted RTT for 35MB at new concurrency is 0.00s < target 60.0s"},"filename":"D:\\a\\xet-core\\xet-core\\xet_client\\src\\cas_client\\adaptive_concurrency\\controller.rs","line_number":543}
{"timestamp":"2026-06-28T12:29:32.396241Z","level":"INFO","fields":{"message":"Concurrency control for download: Increased concurrency from 40 to 41; reason: success ratio 1.000 is above threshold 0.800 and predicted RTT for 34MB at new concurrency is 13.00s < target 60.0s"},"filename":"D:\\a\\xet-core\\xet-core\\xet_client\\src\\cas_client\\adaptive_concurrency\\controller.rs","line_number":543}
{"timestamp":"2026-06-28T12:29:32.901841Z","level":"INFO","fields":{"message":"Concurrency control for download: Increased concurrency from 41 to 42; reason: success ratio 1.000 is above threshold 0.800 and predicted RTT for 33MB at new concurrency is 27.38s < target 60.0s"},"filename":"D:\\a\\xet-core\\xet-core\\xet_client\\src\\cas_client\\adaptive_concurrency\\controller.rs","line_number":543}
{"timestamp":"2026-06-28T12:29:33.415539Z","level":"INFO","fields":{"message":"Concurrency control for download: Increased concurrency from 42 to 43; reason: success ratio 1.000 is above threshold 0.800 and predicted RTT for 32MB at new concurrency is 30.67s < target 60.0s"},"filename":"D:\\a\\xet-core\\xet-core\\xet_client\\src\\cas_client\\adaptive_concurrency\\controller.rs","line_number":543}
{"timestamp":"2026-06-28T12:29:33.915550Z","level":"INFO","fields":{"message":"Concurrency control for download: Increased concurrency from 43 to 44; reason: success ratio 1.000 is above threshold 0.800 and predicted RTT for 32MB at new concurrency is 21.92s < target 60.0s"},"filename":"D:\\a\\xet-core\\xet-core\\xet_client\\src\\cas_client\\adaptive_concurrency\\controller.rs","line_number":543}
{"timestamp":"2026-06-28T12:29:34.415704Z","level":"INFO","fields":{"message":"Concurrency control for download: Increased concurrency from 44 to 45; reason: success ratio 1.000 is above threshold 0.800 and predicted RTT for 32MB at new concurrency is 19.81s < target 60.0s"},"filename":"D:\\a\\xet-core\\xet-core\\xet_client\\src\\cas_client\\adaptive_concurrency\\controller.rs","line_number":543}
{"timestamp":"2026-06-28T12:29:34.919221Z","level":"INFO","fields":{"message":"Concurrency control for download: Increased concurrency from 45 to 46; reason: success ratio 1.000 is above threshold 0.800 and predicted RTT for 32MB at new concurrency is 14.00s < target 60.0s"},"filename":"D:\\a\\xet-core\\xet-core\\xet_client\\src\\cas_client\\adaptive_concurrency\\controller.rs","line_number":543}
{"timestamp":"2026-06-28T12:29:35.420176Z","level":"INFO","fields":{"message":"Concurrency control for download: Increased concurrency from 46 to 47; reason: success ratio 1.000 is above threshold 0.800 and predicted RTT for 32MB at new concurrency is 6.34s < target 60.0s"},"filename":"D:\\a\\xet-core\\xet-core\\xet_client\\src\\cas_client\\adaptive_concurrency\\controller.rs","line_number":543}
{"timestamp":"2026-06-28T12:29:35.934145Z","level":"INFO","fields":{"message":"Concurrency control for download: Increased concurrency from 47 to 48; reason: success ratio 1.000 is above threshold 0.800 and predicted RTT for 32MB at new concurrency is 0.00s < target 60.0s"},"filename":"D:\\a\\xet-core\\xet-core\\xet_client\\src\\cas_client\\adaptive_concurrency\\controller.rs","line_number":543}
{"timestamp":"2026-06-28T12:29:36.502516Z","level":"INFO","fields":{"message":"Concurrency control for download: Increased concurrency from 48 to 49; reason: success ratio 1.000 is above threshold 0.800 and predicted RTT for 32MB at new concurrency is 0.00s < target 60.0s"},"filename":"D:\\a\\xet-core\\xet-core\\xet_client\\src\\cas_client\\adaptive_concurrency\\controller.rs","line_number":543}
{"timestamp":"2026-06-28T12:29:37.014890Z","level":"INFO","fields":{"message":"Concurrency control for download: Increased concurrency from 49 to 50; reason: success ratio 1.000 is above threshold 0.800 and predicted RTT for 32MB at new concurrency is 0.00s < target 60.0s"},"filename":"D:\\a\\xet-core\\xet-core\\xet_client\\src\\cas_client\\adaptive_concurrency\\controller.rs","line_number":543}
{"timestamp":"2026-06-28T12:29:37.515924Z","level":"INFO","fields":{"message":"Concurrency control for download: Increased concurrency from 50 to 51; reason: success ratio 1.000 is above threshold 0.800 and predicted RTT for 32MB at new concurrency is 0.00s < target 60.0s"},"filename":"D:\\a\\xet-core\\xet-core\\xet_client\\src\\cas_client\\adaptive_concurrency\\controller.rs","line_number":543}
{"timestamp":"2026-06-28T12:29:38.034033Z","level":"INFO","fields":{"message":"Concurrency control for download: Increased concurrency from 51 to 52; reason: success ratio 1.000 is above threshold 0.800 and predicted RTT for 32MB at new concurrency is 0.00s < target 60.0s"},"filename":"D:\\a\\xet-core\\xet-core\\xet_client\\src\\cas_client\\adaptive_concurrency\\controller.rs","line_number":543}
{"timestamp":"2026-06-28T12:29:38.541406Z","level":"INFO","fields":{"message":"Concurrency control for download: Increased concurrency from 52 to 53; reason: success ratio 1.000 is above threshold 0.800 and predicted RTT for 31MB at new concurrency is 0.00s < target 60.0s"},"filename":"D:\\a\\xet-core\\xet-core\\xet_client\\src\\cas_client\\adaptive_concurrency\\controller.rs","line_number":543}
{"timestamp":"2026-06-28T12:29:39.043039Z","level":"INFO","fields":{"message":"Concurrency control for download: Increased concurrency from 53 to 54; reason: success ratio 1.000 is above threshold 0.800 and predicted RTT for 31MB at new concurrency is 0.00s < target 60.0s"},"filename":"D:\\a\\xet-core\\xet-core\\xet_client\\src\\cas_client\\adaptive_concurrency\\controller.rs","line_number":543}
{"timestamp":"2026-06-28T12:29:39.551679Z","level":"INFO","fields":{"message":"Concurrency control for download: Increased concurrency from 54 to 55; reason: success ratio 1.000 is above threshold 0.800 and predicted RTT for 30MB at new concurrency is 0.00s < target 60.0s"},"filename":"D:\\a\\xet-core\\xet-core\\xet_client\\src\\cas_client\\adaptive_concurrency\\controller.rs","line_number":543}
{"timestamp":"2026-06-28T12:29:40.053213Z","level":"INFO","fields":{"message":"Concurrency control for download: Increased concurrency from 55 to 56; reason: success ratio 1.000 is above threshold 0.800 and predicted RTT for 30MB at new concurrency is 0.00s < target 60.0s"},"filename":"D:\\a\\xet-core\\xet-core\\xet_client\\src\\cas_client\\adaptive_concurrency\\controller.rs","line_number":543}
{"timestamp":"2026-06-28T12:29:40.594571Z","level":"INFO","fields":{"message":"Concurrency control for download: Increased concurrency from 56 to 57; reason: success ratio 1.000 is above threshold 0.800 and predicted RTT for 30MB at new concurrency is 0.00s < target 60.0s"},"filename":"D:\\a\\xet-core\\xet-core\\xet_client\\src\\cas_client\\adaptive_concurrency\\controller.rs","line_number":543}
{"timestamp":"2026-06-28T12:29:41.074773Z","level":"INFO","fields":{"message":"Concurrency control for download: Current concurrency = 57; predicted bandwidth = 208328; success_ratio = 1.000; reference_size = 30.9MB; observed bytes sent so far = 1761678108; completed transmissions = 196"},"filename":"D:\\a\\xet-core\\xet-core\\xet_client\\src\\cas_client\\adaptive_concurrency\\controller.rs","line_number":597}
{"timestamp":"2026-06-28T12:29:41.095278Z","level":"INFO","fields":{"message":"Concurrency control for download: Increased concurrency from 57 to 58; reason: success ratio 1.000 is above threshold 0.800 and predicted RTT for 30MB at new concurrency is 0.00s < target 60.0s"},"filename":"D:\\a\\xet-core\\xet-core\\xet_client\\src\\cas_client\\adaptive_concurrency\\controller.rs","line_number":543}
{"timestamp":"2026-06-28T12:29:41.600741Z","level":"INFO","fields":{"message":"Concurrency control for download: Increased concurrency from 58 to 59; reason: success ratio 1.000 is above threshold 0.800 and predicted RTT for 30MB at new concurrency is 0.00s < target 60.0s"},"filename":"D:\\a\\xet-core\\xet-core\\xet_client\\src\\cas_client\\adaptive_concurrency\\controller.rs","line_number":543}
{"timestamp":"2026-06-28T12:29:42.101388Z","level":"INFO","fields":{"message":"Concurrency control for download: Increased concurrency from 59 to 60; reason: success ratio 1.000 is above threshold 0.800 and predicted RTT for 30MB at new concurrency is 0.00s < target 60.0s"},"filename":"D:\\a\\xet-core\\xet-core\\xet_client\\src\\cas_client\\adaptive_concurrency\\controller.rs","line_number":543}
{"timestamp":"2026-06-28T12:29:42.601861Z","level":"INFO","fields":{"message":"Concurrency control for download: Increased concurrency from 60 to 61; reason: success ratio 1.000 is above threshold 0.800 and predicted RTT for 30MB at new concurrency is 0.00s < target 60.0s"},"filename":"D:\\a\\xet-core\\xet-core\\xet_client\\src\\cas_client\\adaptive_concurrency\\controller.rs","line_number":543}
{"timestamp":"2026-06-28T12:29:43.176222Z","level":"INFO","fields":{"message":"Concurrency control for download: Increased concurrency from 61 to 62; reason: success ratio 1.000 is above threshold 0.800 and predicted RTT for 30MB at new concurrency is 0.00s < target 60.0s"},"filename":"D:\\a\\xet-core\\xet-core\\xet_client\\src\\cas_client\\adaptive_concurrency\\controller.rs","line_number":543}
{"timestamp":"2026-06-28T12:29:43.749765Z","level":"INFO","fields":{"message":"Concurrency control for download: Increased concurrency from 62 to 63; reason: success ratio 1.000 is above threshold 0.800 and predicted RTT for 30MB at new concurrency is 0.00s < target 60.0s"},"filename":"D:\\a\\xet-core\\xet-core\\xet_client\\src\\cas_client\\adaptive_concurrency\\controller.rs","line_number":543}
{"timestamp":"2026-06-28T12:29:44.269720Z","level":"INFO","fields":{"message":"Concurrency control for download: Increased concurrency from 63 to 64; reason: success ratio 1.000 is above threshold 0.800 and predicted RTT for 30MB at new concurrency is 0.00s < target 60.0s"},"filename":"D:\\a\\xet-core\\xet-core\\xet_client\\src\\cas_client\\adaptive_concurrency\\controller.rs","line_number":543}
{"timestamp":"2026-06-28T12:29:44.823329Z","level":"INFO","fields":{"message":"Concurrency control for download: Increased concurrency from 64 to 64; reason: success ratio 1.000 is above threshold 0.800 and predicted RTT for 30MB at new concurrency is 0.00s < target 60.0s"},"filename":"D:\\a\\xet-core\\xet-core\\xet_client\\src\\cas_client\\adaptive_concurrency\\controller.rs","line_number":543}
{"timestamp":"2026-06-28T12:29:45.344108Z","level":"INFO","fields":{"message":"Concurrency control for download: Increased concurrency from 64 to 64; reason: success ratio 1.000 is above threshold 0.800 and predicted RTT for 30MB at new concurrency is 0.00s < target 60.0s"},"filename":"D:\\a\\xet-core\\xet-core\\xet_client\\src\\cas_client\\adaptive_concurrency\\controller.rs","line_number":543}
{"timestamp":"2026-06-28T12:29:45.850182Z","level":"INFO","fields":{"message":"Concurrency control for download: Increased concurrency from 64 to 64; reason: success ratio 1.000 is above threshold 0.800 and predicted RTT for 30MB at new concurrency is 0.00s < target 60.0s"},"filename":"D:\\a\\xet-core\\xet-core\\xet_client\\src\\cas_client\\adaptive_concurrency\\controller.rs","line_number":543}
{"timestamp":"2026-06-28T12:29:46.364916Z","level":"INFO","fields":{"message":"Concurrency control for download: Increased concurrency from 64 to 64; reason: success ratio 1.000 is above threshold 0.800 and predicted RTT for 29MB at new concurrency is 0.00s < target 60.0s"},"filename":"D:\\a\\xet-core\\xet-core\\xet_client\\src\\cas_client\\adaptive_concurrency\\controller.rs","line_number":543}
{"timestamp":"2026-06-28T12:29:46.888569Z","level":"INFO","fields":{"message":"Concurrency control for download: Increased concurrency from 64 to 64; reason: success ratio 1.000 is above threshold 0.800 and predicted RTT for 29MB at new concurrency is 0.00s < target 60.0s"},"filename":"D:\\a\\xet-core\\xet-core\\xet_client\\src\\cas_client\\adaptive_concurrency\\controller.rs","line_number":543}
{"timestamp":"2026-06-28T12:29:47.402348Z","level":"INFO","fields":{"message":"Concurrency control for download: Increased concurrency from 64 to 64; reason: success ratio 1.000 is above threshold 0.800 and predicted RTT for 29MB at new concurrency is 0.00s < target 60.0s"},"filename":"D:\\a\\xet-core\\xet-core\\xet_client\\src\\cas_client\\adaptive_concurrency\\controller.rs","line_number":543}
{"timestamp":"2026-06-28T12:29:47.966935Z","level":"INFO","fields":{"message":"Concurrency control for download: Increased concurrency from 64 to 64; reason: success ratio 1.000 is above threshold 0.800 and predicted RTT for 29MB at new concurrency is 0.00s < target 60.0s"},"filename":"D:\\a\\xet-core\\xet-core\\xet_client\\src\\cas_client\\adaptive_concurrency\\controller.rs","line_number":543}
{"timestamp":"2026-06-28T12:29:48.472071Z","level":"INFO","fields":{"message":"Concurrency control for download: Increased concurrency from 64 to 64; reason: success ratio 1.000 is above threshold 0.800 and predicted RTT for 29MB at new concurrency is 0.00s < target 60.0s"},"filename":"D:\\a\\xet-core\\xet-core\\xet_client\\src\\cas_client\\adaptive_concurrency\\controller.rs","line_number":543}
{"timestamp":"2026-06-28T12:29:48.984215Z","level":"INFO","fields":{"message":"Concurrency control for download: Increased concurrency from 64 to 64; reason: success ratio 1.000 is above threshold 0.800 and predicted RTT for 29MB at new concurrency is 0.00s < target 60.0s"},"filename":"D:\\a\\xet-core\\xet-core\\xet_client\\src\\cas_client\\adaptive_concurrency\\controller.rs","line_number":543}
{"timestamp":"2026-06-28T12:29:49.491788Z","level":"INFO","fields":{"message":"Concurrency control for download: Increased concurrency from 64 to 64; reason: success ratio 1.000 is above threshold 0.800 and predicted RTT for 29MB at new concurrency is 0.00s < target 60.0s"},"filename":"D:\\a\\xet-core\\xet-core\\xet_client\\src\\cas_client\\adaptive_concurrency\\controller.rs","line_number":543}
{"timestamp":"2026-06-28T12:29:50.067451Z","level":"INFO","fields":{"message":"Concurrency control for download: Increased concurrency from 64 to 64; reason: success ratio 1.000 is above threshold 0.800 and predicted RTT for 29MB at new concurrency is 0.00s < target 60.0s"},"filename":"D:\\a\\xet-core\\xet-core\\xet_client\\src\\cas_client\\adaptive_concurrency\\controller.rs","line_number":543}
{"timestamp":"2026-06-28T12:29:50.580245Z","level":"INFO","fields":{"message":"Concurrency control for download: Increased concurrency from 64 to 64; reason: success ratio 1.000 is above threshold 0.800 and predicted RTT for 29MB at new concurrency is 0.00s < target 60.0s"},"filename":"D:\\a\\xet-core\\xet-core\\xet_client\\src\\cas_client\\adaptive_concurrency\\controller.rs","line_number":543}
{"timestamp":"2026-06-28T12:29:51.096852Z","level":"INFO","fields":{"message":"Concurrency control for download: Increased concurrency from 64 to 64; reason: success ratio 1.000 is above threshold 0.800 and predicted RTT for 30MB at new concurrency is 1.48s < target 60.0s"},"filename":"D:\\a\\xet-core\\xet-core\\xet_client\\src\\cas_client\\adaptive_concurrency\\controller.rs","line_number":543}
{"timestamp":"2026-06-28T12:29:51.096887Z","level":"INFO","fields":{"message":"Concurrency control for download: Current concurrency = 64; predicted bandwidth = 190010; success_ratio = 1.000; reference_size = 30.2MB; observed bytes sent so far = 1814783594; completed transmissions = 203"},"filename":"D:\\a\\xet-core\\xet-core\\xet_client\\src\\cas_client\\adaptive_concurrency\\controller.rs","line_number":597}
{"timestamp":"2026-06-28T12:29:51.610222Z","level":"INFO","fields":{"message":"Concurrency control for download: Increased concurrency from 64 to 64; reason: success ratio 1.000 is above threshold 0.800 and predicted RTT for 30MB at new concurrency is 0.00s < target 60.0s"},"filename":"D:\\a\\xet-core\\xet-core\\xet_client\\src\\cas_client\\adaptive_concurrency\\controller.rs","line_number":543}
{"timestamp":"2026-06-28T12:29:52.158232Z","level":"INFO","fields":{"message":"Concurrency control for download: Increased concurrency from 64 to 64; reason: success ratio 1.000 is above threshold 0.800 and predicted RTT for 30MB at new concurrency is 0.00s < target 60.0s"},"filename":"D:\\a\\xet-core\\xet-core\\xet_client\\src\\cas_client\\adaptive_concurrency\\controller.rs","line_number":543}
{"timestamp":"2026-06-28T12:29:52.659807Z","level":"INFO","fields":{"message":"Concurrency control for download: Increased concurrency from 64 to 64; reason: success ratio 1.000 is above threshold 0.800 and predicted RTT for 30MB at new concurrency is 0.00s < target 60.0s"},"filename":"D:\\a\\xet-core\\xet-core\\xet_client\\src\\cas_client\\adaptive_concurrency\\controller.rs","line_number":543}
{"timestamp":"2026-06-28T12:29:53.166881Z","level":"INFO","fields":{"message":"Concurrency control for download: Increased concurrency from 64 to 64; reason: success ratio 1.000 is above threshold 0.800 and predicted RTT for 30MB at new concurrency is 0.00s < target 60.0s"},"filename":"D:\\a\\xet-core\\xet-core\\xet_client\\src\\cas_client\\adaptive_concurrency\\controller.rs","line_number":543}
{"timestamp":"2026-06-28T12:29:53.724481Z","level":"INFO","fields":{"message":"Concurrency control for download: Increased concurrency from 64 to 64; reason: success ratio 1.000 is above threshold 0.800 and predicted RTT for 30MB at new concurrency is 0.00s < target 60.0s"},"filename":"D:\\a\\xet-core\\xet-core\\xet_client\\src\\cas_client\\adaptive_concurrency\\controller.rs","line_number":543}
{"timestamp":"2026-06-28T12:29:54.246685Z","level":"INFO","fields":{"message":"Concurrency control for download: Increased concurrency from 64 to 64; reason: success ratio 1.000 is above threshold 0.800 and predicted RTT for 30MB at new concurrency is 0.00s < target 60.0s"},"filename":"D:\\a\\xet-core\\xet-core\\xet_client\\src\\cas_client\\adaptive_concurrency\\controller.rs","line_number":543}
{"timestamp":"2026-06-28T12:29:54.746878Z","level":"INFO","fields":{"message":"Concurrency control for download: Increased concurrency from 64 to 64; reason: success ratio 1.000 is above threshold 0.800 and predicted RTT for 30MB at new concurrency is 0.00s < target 60.0s"},"filename":"D:\\a\\xet-core\\xet-core\\xet_client\\src\\cas_client\\adaptive_concurrency\\controller.rs","line_number":543}
{"timestamp":"2026-06-28T12:29:55.253314Z","level":"INFO","fields":{"message":"Concurrency control for download: Increased concurrency from 64 to 64; reason: success ratio 1.000 is above threshold 0.800 and predicted RTT for 30MB at new concurrency is 0.00s < target 60.0s"},"filename":"D:\\a\\xet-core\\xet-core\\xet_client\\src\\cas_client\\adaptive_concurrency\\controller.rs","line_number":543}
{"timestamp":"2026-06-28T12:29:55.755509Z","level":"INFO","fields":{"message":"Concurrency control for download: Increased concurrency from 64 to 64; reason: success ratio 1.000 is above threshold 0.800 and predicted RTT for 30MB at new concurrency is 0.00s < target 60.0s"},"filename":"D:\\a\\xet-core\\xet-core\\xet_client\\src\\cas_client\\adaptive_concurrency\\controller.rs","line_number":543}
{"timestamp":"2026-06-28T12:29:56.275747Z","level":"INFO","fields":{"message":"Concurrency control for download: Increased concurrency from 64 to 64; reason: success ratio 1.000 is above threshold 0.800 and predicted RTT for 30MB at new concurrency is 0.00s < target 60.0s"},"filename":"D:\\a\\xet-core\\xet-core\\xet_client\\src\\cas_client\\adaptive_concurrency\\controller.rs","line_number":543}
{"timestamp":"2026-06-28T12:29:56.778436Z","level":"INFO","fields":{"message":"Concurrency control for download: Increased concurrency from 64 to 64; reason: success ratio 1.000 is above threshold 0.800 and predicted RTT for 30MB at new concurrency is 0.00s < target 60.0s"},"filename":"D:\\a\\xet-core\\xet-core\\xet_client\\src\\cas_client\\adaptive_concurrency\\controller.rs","line_number":543}
{"timestamp":"2026-06-28T12:29:57.305509Z","level":"INFO","fields":{"message":"Concurrency control for download: Increased concurrency from 64 to 64; reason: success ratio 1.000 is above threshold 0.800 and predicted RTT for 30MB at new concurrency is 0.00s < target 60.0s"},"filename":"D:\\a\\xet-core\\xet-core\\xet_client\\src\\cas_client\\adaptive_concurrency\\controller.rs","line_number":543}
{"timestamp":"2026-06-28T12:29:59.273685Z","level":"INFO","fields":{"message":"Concurrency control for download: Increased concurrency from 64 to 64; reason: success ratio 1.000 is above threshold 0.800 and predicted RTT for 31MB at new concurrency is 52.68s < target 60.0s"},"filename":"D:\\a\\xet-core\\xet-core\\xet_client\\src\\cas_client\\adaptive_concurrency\\controller.rs","line_number":543}
{"timestamp":"2026-06-28T12:29:59.827019Z","level":"INFO","fields":{"message":"Concurrency control for download: Increased concurrency from 64 to 64; reason: success ratio 1.000 is above threshold 0.800 and predicted RTT for 31MB at new concurrency is 48.20s < target 60.0s"},"filename":"D:\\a\\xet-core\\xet-core\\xet_client\\src\\cas_client\\adaptive_concurrency\\controller.rs","line_number":543}
{"timestamp":"2026-06-28T12:30:00.343915Z","level":"INFO","fields":{"message":"Concurrency control for download: Increased concurrency from 64 to 64; reason: success ratio 1.000 is above threshold 0.800 and predicted RTT for 31MB at new concurrency is 43.12s < target 60.0s"},"filename":"D:\\a\\xet-core\\xet-core\\xet_client\\src\\cas_client\\adaptive_concurrency\\controller.rs","line_number":543}
{"timestamp":"2026-06-28T12:30:00.915520Z","level":"INFO","fields":{"message":"Concurrency control for download: Increased concurrency from 64 to 64; reason: success ratio 1.000 is above threshold 0.800 and predicted RTT for 31MB at new concurrency is 0.00s < target 60.0s"},"filename":"D:\\a\\xet-core\\xet-core\\xet_client\\src\\cas_client\\adaptive_concurrency\\controller.rs","line_number":543}
{"timestamp":"2026-06-28T12:30:01.120111Z","level":"INFO","fields":{"message":"Concurrency control for download: Current concurrency = 64; predicted bandwidth = 160717; success_ratio = 1.000; reference_size = 31.1MB; observed bytes sent so far = 1871410283; completed transmissions = 211"},"filename":"D:\\a\\xet-core\\xet-core\\xet_client\\src\\cas_client\\adaptive_concurrency\\controller.rs","line_number":597}
{"timestamp":"2026-06-28T12:30:01.418359Z","level":"INFO","fields":{"message":"Concurrency control for download: Increased concurrency from 64 to 64; reason: success ratio 1.000 is above threshold 0.800 and predicted RTT for 31MB at new concurrency is 0.00s < target 60.0s"},"filename":"D:\\a\\xet-core\\xet-core\\xet_client\\src\\cas_client\\adaptive_concurrency\\controller.rs","line_number":543}
{"timestamp":"2026-06-28T12:30:01.923384Z","level":"INFO","fields":{"message":"Concurrency control for download: Increased concurrency from 64 to 64; reason: success ratio 1.000 is above threshold 0.800 and predicted RTT for 31MB at new concurrency is 0.00s < target 60.0s"},"filename":"D:\\a\\xet-core\\xet-core\\xet_client\\src\\cas_client\\adaptive_concurrency\\controller.rs","line_number":543}
{"timestamp":"2026-06-28T12:30:02.425389Z","level":"INFO","fields":{"message":"Concurrency control for download: Increased concurrency from 64 to 64; reason: success ratio 1.000 is above threshold 0.800 and predicted RTT for 31MB at new concurrency is 0.00s < target 60.0s"},"filename":"D:\\a\\xet-core\\xet-core\\xet_client\\src\\cas_client\\adaptive_concurrency\\controller.rs","line_number":543}
{"timestamp":"2026-06-28T12:30:02.993965Z","level":"INFO","fields":{"message":"Concurrency control for download: Increased concurrency from 64 to 64; reason: success ratio 1.000 is above threshold 0.800 and predicted RTT for 31MB at new concurrency is 0.00s < target 60.0s"},"filename":"D:\\a\\xet-core\\xet-core\\xet_client\\src\\cas_client\\adaptive_concurrency\\controller.rs","line_number":543}
{"timestamp":"2026-06-28T12:30:03.532899Z","level":"INFO","fields":{"message":"Concurrency control for download: Increased concurrency from 64 to 64; reason: success ratio 1.000 is above threshold 0.800 and predicted RTT for 31MB at new concurrency is 0.00s < target 60.0s"},"filename":"D:\\a\\xet-core\\xet-core\\xet_client\\src\\cas_client\\adaptive_concurrency\\controller.rs","line_number":543}
{"timestamp":"2026-06-28T12:30:04.062314Z","level":"INFO","fields":{"message":"Concurrency control for download: Increased concurrency from 64 to 64; reason: success ratio 1.000 is above threshold 0.800 and predicted RTT for 32MB at new concurrency is 45.26s < target 60.0s"},"filename":"D:\\a\\xet-core\\xet-core\\xet_client\\src\\cas_client\\adaptive_concurrency\\controller.rs","line_number":543}
{"timestamp":"2026-06-28T12:30:04.582116Z","level":"INFO","fields":{"message":"Concurrency control for download: Increased concurrency from 64 to 64; reason: success ratio 1.000 is above threshold 0.800 and predicted RTT for 33MB at new concurrency is 0.00s < target 60.0s"},"filename":"D:\\a\\xet-core\\xet-core\\xet_client\\src\\cas_client\\adaptive_concurrency\\controller.rs","line_number":543}
{"timestamp":"2026-06-28T12:30:05.186125Z","level":"INFO","fields":{"message":"Concurrency control for download: Increased concurrency from 64 to 64; reason: success ratio 1.000 is above threshold 0.800 and predicted RTT for 33MB at new concurrency is 0.00s < target 60.0s"},"filename":"D:\\a\\xet-core\\xet-core\\xet_client\\src\\cas_client\\adaptive_concurrency\\controller.rs","line_number":543}
{"timestamp":"2026-06-28T12:30:05.816520Z","level":"INFO","fields":{"message":"Concurrency control for download: Increased concurrency from 64 to 64; reason: success ratio 1.000 is above threshold 0.800 and predicted RTT for 33MB at new concurrency is 0.00s < target 60.0s"},"filename":"D:\\a\\xet-core\\xet-core\\xet_client\\src\\cas_client\\adaptive_concurrency\\controller.rs","line_number":543}
{"timestamp":"2026-06-28T12:30:06.432769Z","level":"INFO","fields":{"message":"Concurrency control for download: Increased concurrency from 64 to 64; reason: success ratio 1.000 is above threshold 0.800 and predicted RTT for 33MB at new concurrency is 0.00s < target 60.0s"},"filename":"D:\\a\\xet-core\\xet-core\\xet_client\\src\\cas_client\\adaptive_concurrency\\controller.rs","line_number":543}
{"timestamp":"2026-06-28T12:30:07.109598Z","level":"INFO","fields":{"message":"Concurrency control for download: Increased concurrency from 64 to 64; reason: success ratio 1.000 is above threshold 0.800 and predicted RTT for 33MB at new concurrency is 0.00s < target 60.0s"},"filename":"D:\\a\\xet-core\\xet-core\\xet_client\\src\\cas_client\\adaptive_concurrency\\controller.rs","line_number":543}
{"timestamp":"2026-06-28T12:30:07.659205Z","level":"INFO","fields":{"message":"Concurrency control for download: Increased concurrency from 64 to 64; reason: success ratio 1.000 is above threshold 0.800 and predicted RTT for 34MB at new concurrency is 0.00s < target 60.0s"},"filename":"D:\\a\\xet-core\\xet-core\\xet_client\\src\\cas_client\\adaptive_concurrency\\controller.rs","line_number":543}
{"timestamp":"2026-06-28T12:30:07.829006Z","level":"INFO","fields":{"message":"File reconstruction completed successfully","file_hash":"78613135f161e5f517e18a405e22facb700d9737e3936330effa276e7bfc1c2a","block_count":4,"total_terms_processed":313,"total_bytes_scheduled":2200119864},"filename":"D:\\a\\xet-core\\xet-core\\xet_data\\src\\file_reconstruction\\run_state.rs","line_number":150}
